FID,LAYER,NUMERO,AROS,INSTALADO,CreationDate,Creator,EditDate,Editor,x,y
1,BELLAVISTA_LA PALMERA,275,5,SI,10/4/2014 9:00:08 PM,Ayto.Sevilla,10/4/2014 9:00:08 PM,Ayto.Sevilla,-666544.800000001,4490227.2
2,BELLAVISTA_LA PALMERA,276,5,SI,10/4/2014 9:00:08 PM,Ayto.Sevilla,10/4/2014 9:00:08 PM,Ayto.Sevilla,-666318.5,4490144.7
3,BELLAVISTA_LA PALMERA,273,3,SI,10/4/2014 9:00:08 PM,Ayto.Sevilla,10/4/2014 9:00:08 PM,Ayto.Sevilla,-666771.800000001,4489965.7
4,BELLAVISTA_LA PALMERA,274,3,SI,10/4/2014 9:00:08 PM,Ayto.Sevilla,10/4/2014 9:00:08 PM,Ayto.Sevilla,-666772,4489958.9
5,BELLAVISTA_LA PALMERA,277,6,SI,10/4/2014 9:00:08 PM,Ayto.Sevilla,10/4/2014 9:00:08 PM,Ayto.Sevilla,-666466,4489922.4
6,BELLAVISTA_LA PALMERA,278,5,SI,10/4/2014 9:00:08 PM,Ayto.Sevilla,10/4/2014 9:00:08 PM,Ayto.Sevilla,-666139.300000001,4489769.6
7,BELLAVISTA_LA PALMERA,279,5,SI,10/4/2014 9:00:08 PM,Ayto.Sevilla,10/4/2014 9:00:08 PM,Ayto.Sevilla,-666311.300000001,4489559
8,BELLAVISTA_LA PALMERA,280,6,SI,10/4/2014 9:00:08 PM,Ayto.Sevilla,10/4/2014 9:00:08 PM,Ayto.Sevilla,-665384.300000001,4487970.9
9,BELLAVISTA_LA PALMERA,281,5,SI,10/4/2014 9:00:08 PM,Ayto.Sevilla,10/4/2014 9:00:08 PM,Ayto.Sevilla,-665332,4487692.3
10,BELLAVISTA_LA PALMERA,282,6,SI,10/4/2014 9:00:08 PM,Ayto.Sevilla,10/4/2014 9:00:08 PM,Ayto.Sevilla,-665300.5,4487525.1
11,BELLAVISTA_LA PALMERA,283,5,SI,10/4/2014 9:00:08 PM,Ayto.Sevilla,10/4/2014 9:00:08 PM,Ayto.Sevilla,-665492.600000001,4487725.5
12,BELLAVISTA_LA PALMERA,284,4,SI,10/4/2014 9:00:08 PM,Ayto.Sevilla,10/4/2014 9:00:08 PM,Ayto.Sevilla,-664383.199999999,4484210.3
13,BELLAVISTA_LA PALMERA,285,5,SI,10/4/2014 9:00:08 PM,Ayto.Sevilla,10/4/2014 9:00:08 PM,Ayto.Sevilla,-664785,4485841.3
14,BELLAVISTA_LA PALMERA,286,6,SI,10/4/2014 9:00:08 PM,Ayto.Sevilla,10/4/2014 9:00:08 PM,Ayto.Sevilla,-664339.600000001,4485295.5
15,CASCO_ANTIGUO,213,4,SI,10/4/2014 9:00:08 PM,Ayto.Sevilla,10/4/2014 9:00:08 PM,Ayto.Sevilla,-666332.800000001,4495012.2
16,CASCO_ANTIGUO,214,5,SI,10/4/2014 9:00:08 PM,Ayto.Sevilla,10/4/2014 9:00:08 PM,Ayto.Sevilla,-666193.300000001,4494883.4
17,CASCO_ANTIGUO,215,11,SI,10/4/2014 9:00:08 PM,Ayto.Sevilla,10/4/2014 9:00:08 PM,Ayto.Sevilla,-666453.800000001,4494885.4
18,CASCO_ANTIGUO,217,5,SI,10/4/2014 9:00:08 PM,Ayto.Sevilla,10/4/2014 9:00:08 PM,Ayto.Sevilla,-666727.300000001,4494754.9
19,CASCO_ANTIGUO,218,3,SI,10/4/2014 9:00:08 PM,Ayto.Sevilla,10/4/2014 9:00:08 PM,Ayto.Sevilla,-666888.5,4494329
20,CASCO_ANTIGUO,297,4,SI,10/4/2014 9:00:08 PM,Ayto.Sevilla,10/4/2014 9:00:08 PM,Ayto.Sevilla,-666244.5,4493356.7
21,CASCO_ANTIGUO,184,3,SI,10/4/2014 9:00:08 PM,Ayto.Sevilla,10/4/2014 9:00:08 PM,Ayto.Sevilla,-668282.899999999,4493802.4
22,CASCO_ANTIGUO,183,3,SI,10/4/2014 9:00:08 PM,Ayto.Sevilla,10/4/2014 9:00:08 PM,Ayto.Sevilla,-668272.399999999,4493763.9
23,CASCO_ANTIGUO,185,5,SI,10/4/2014 9:00:08 PM,Ayto.Sevilla,10/4/2014 9:00:08 PM,Ayto.Sevilla,-668153.100000001,4493454.4
24,SAN PABLO_SANTA JUSTA,550,4,SI,10/4/2014 9:00:08 PM,Ayto.Sevilla,10/4/2014 9:00:08 PM,Ayto.Sevilla,-664418.800000001,4495029.8
25,MACARENA_NORTE,343,3,SI,10/4/2014 9:00:08 PM,Ayto.Sevilla,10/4/2014 9:00:08 PM,Ayto.Sevilla,-664504.300000001,4498220.1
26,MACARENA_NORTE,344,3,SI,10/4/2014 9:00:08 PM,Ayto.Sevilla,10/4/2014 9:00:08 PM,Ayto.Sevilla,-664442.5,4498107.6
27,CASCO_ANTIGUO,188,4,SI,10/4/2014 9:00:08 PM,Ayto.Sevilla,10/4/2014 9:00:08 PM,Ayto.Sevilla,-667819,4493345.6
28,MACARENA_NORTE,345,3,SI,10/4/2014 9:00:08 PM,Ayto.Sevilla,10/4/2014 9:00:08 PM,Ayto.Sevilla,-664783.300000001,4497902.3
29,CASCO_ANTIGUO,189,5,SI,10/4/2014 9:00:08 PM,Ayto.Sevilla,10/4/2014 9:00:08 PM,Ayto.Sevilla,-667708.199999999,4493306.2
30,MACARENA_NORTE,353,3,SI,10/4/2014 9:00:08 PM,Ayto.Sevilla,10/4/2014 9:00:08 PM,Ayto.Sevilla,-663546.699999999,4498354.3
31,MACARENA_NORTE,354,3,SI,10/4/2014 9:00:08 PM,Ayto.Sevilla,10/4/2014 9:00:08 PM,Ayto.Sevilla,-663641.300000001,4498166.5
32,CASCO_ANTIGUO,190,3,SI,10/4/2014 9:00:08 PM,Ayto.Sevilla,10/4/2014 9:00:08 PM,Ayto.Sevilla,-667596.100000001,4493452.9
33,CASCO_ANTIGUO,191,3,SI,10/4/2014 9:00:08 PM,Ayto.Sevilla,10/4/2014 9:00:08 PM,Ayto.Sevilla,-667366.199999999,4493365.2
34,MACARENA_NORTE,352,5,SI,10/4/2014 9:00:08 PM,Ayto.Sevilla,10/4/2014 9:00:08 PM,Ayto.Sevilla,-663908.100000001,4498104.7
35,SAN PABLO_SANTA JUSTA,251,6,SI,10/4/2014 9:00:08 PM,Ayto.Sevilla,10/4/2014 9:00:08 PM,Ayto.Sevilla,-665040.600000001,4494762.3
36,CASCO_ANTIGUO,192,4,SI,10/4/2014 9:00:08 PM,Ayto.Sevilla,10/4/2014 9:00:08 PM,Ayto.Sevilla,-667371.699999999,4493468.1
37,SAN PABLO_SANTA JUSTA,252,5,SI,10/4/2014 9:00:08 PM,Ayto.Sevilla,10/4/2014 9:00:08 PM,Ayto.Sevilla,-665351.300000001,4494295.6
38,MACARENA_NORTE,360,4,SI,10/4/2014 9:00:08 PM,Ayto.Sevilla,10/4/2014 9:00:08 PM,Ayto.Sevilla,-663992.100000001,4497209.9
39,SAN PABLO_SANTA JUSTA,253,5,SI,10/4/2014 9:00:08 PM,Ayto.Sevilla,10/4/2014 9:00:08 PM,Ayto.Sevilla,-665400,4494399.9
40,CASCO_ANTIGUO,193,4,SI,10/4/2014 9:00:08 PM,Ayto.Sevilla,10/4/2014 9:00:08 PM,Ayto.Sevilla,-667371.199999999,4493462.3
41,MACARENA_NORTE,361,4,SI,10/4/2014 9:00:08 PM,Ayto.Sevilla,10/4/2014 9:00:08 PM,Ayto.Sevilla,-664131.699999999,4495701.4
42,CASCO_ANTIGUO,194,3,SI,10/4/2014 9:00:08 PM,Ayto.Sevilla,10/4/2014 9:00:08 PM,Ayto.Sevilla,-667828.800000001,4494799.7
43,NERVION,96,6,SI,10/4/2014 9:00:08 PM,Ayto.Sevilla,10/4/2014 9:00:08 PM,Ayto.Sevilla,-666178,4492350.2
44,CASCO_ANTIGUO,195,7,SI,10/4/2014 9:00:08 PM,Ayto.Sevilla,10/4/2014 9:00:08 PM,Ayto.Sevilla,-667278.899999999,4494600
45,TRIANA,113,6,SI,10/4/2014 9:00:08 PM,Ayto.Sevilla,10/4/2014 9:00:08 PM,Ayto.Sevilla,-668894.5,4495469.8
46,MACARENA_NORTE,362,3,SI,10/4/2014 9:00:08 PM,Ayto.Sevilla,10/4/2014 9:00:08 PM,Ayto.Sevilla,-664565.899999999,4496759.7
47,SUR,229,6,SI,10/4/2014 9:00:08 PM,Ayto.Sevilla,10/4/2014 9:00:08 PM,Ayto.Sevilla,-666907.100000001,4491596.8
48,SUR,255,4,SI,10/4/2014 9:00:08 PM,Ayto.Sevilla,10/4/2014 9:00:08 PM,Ayto.Sevilla,-666866.199999999,4491207.7
49,CASCO_ANTIGUO,196,10,SI,10/4/2014 9:00:08 PM,Ayto.Sevilla,10/4/2014 9:00:08 PM,Ayto.Sevilla,-667250.899999999,4494871
50,MACARENA,363,3,SI,10/4/2014 9:00:08 PM,Ayto.Sevilla,10/4/2014 9:00:08 PM,Ayto.Sevilla,-666749.399999999,4496029.4
51,TRIANA,93,6,SI,10/4/2014 9:00:08 PM,Ayto.Sevilla,10/4/2014 9:00:08 PM,Ayto.Sevilla,-668590.100000001,4495440
52,SUR,254,4,SI,10/4/2014 9:00:08 PM,Ayto.Sevilla,10/4/2014 9:00:08 PM,Ayto.Sevilla,-666860.899999999,4491196.8
53,CASCO_ANTIGUO,197,7,SI,10/4/2014 9:00:08 PM,Ayto.Sevilla,10/4/2014 9:00:08 PM,Ayto.Sevilla,-667286.899999999,4495216.9
54,MACARENA,364,4,SI,10/4/2014 9:00:08 PM,Ayto.Sevilla,10/4/2014 9:00:08 PM,Ayto.Sevilla,-666747.100000001,4495705.6
55,TRIANA,117,6,SI,10/4/2014 9:00:08 PM,Ayto.Sevilla,10/4/2014 9:00:08 PM,Ayto.Sevilla,-668933.300000001,4495188.7
56,SAN PABLO_SANTA JUSTA,373,4,SI,10/4/2014 9:00:08 PM,Ayto.Sevilla,10/4/2014 9:00:08 PM,Ayto.Sevilla,-664571,4495078.2
57,SUR,257,5,SI,10/4/2014 9:00:08 PM,Ayto.Sevilla,10/4/2014 9:00:08 PM,Ayto.Sevilla,-665817,4491291.2
58,CASCO_ANTIGUO,199,5,SI,10/4/2014 9:00:08 PM,Ayto.Sevilla,10/4/2014 9:00:08 PM,Ayto.Sevilla,-667294.899999999,4494411.2
59,TRIANA,106,6,SI,10/4/2014 9:00:08 PM,Ayto.Sevilla,10/4/2014 9:00:08 PM,Ayto.Sevilla,-669293.699999999,4494359
60,SUR,259,4,SI,10/4/2014 9:00:08 PM,Ayto.Sevilla,10/4/2014 9:00:08 PM,Ayto.Sevilla,-665832.199999999,4491943.5
61,CASCO_ANTIGUO,200,5,SI,10/4/2014 9:00:08 PM,Ayto.Sevilla,10/4/2014 9:00:08 PM,Ayto.Sevilla,-667538.399999999,4494293
62,SAN PABLO_SANTA JUSTA,374,4,SI,10/4/2014 9:00:08 PM,Ayto.Sevilla,10/4/2014 9:00:08 PM,Ayto.Sevilla,-664412.5,4495216.6
63,TRIANA,72,6,SI,10/4/2014 9:00:08 PM,Ayto.Sevilla,10/4/2014 9:00:08 PM,Ayto.Sevilla,-669129.899999999,4494554.4
64,SUR,260,5,SI,10/4/2014 9:00:08 PM,Ayto.Sevilla,10/4/2014 9:00:08 PM,Ayto.Sevilla,-665337.899999999,4491670.6
65,MACARENA,372,5,SI,10/4/2014 9:00:08 PM,Ayto.Sevilla,10/4/2014 9:00:08 PM,Ayto.Sevilla,-666643,4496644.3
66,CASCO_ANTIGUO,551,7,SI,10/4/2014 9:00:08 PM,Ayto.Sevilla,10/4/2014 9:00:08 PM,Ayto.Sevilla,-666871,4492435.2
67,TRIANA,68,6,SI,10/4/2014 9:00:08 PM,Ayto.Sevilla,10/4/2014 9:00:08 PM,Ayto.Sevilla,-669106.300000001,4494674.2
68,MACARENA,371,4,SI,10/4/2014 9:00:08 PM,Ayto.Sevilla,10/4/2014 9:00:08 PM,Ayto.Sevilla,-665895.300000001,4496311.7
69,SAN PABLO_SANTA JUSTA,375,5,SI,10/4/2014 9:00:08 PM,Ayto.Sevilla,10/4/2014 9:00:08 PM,Ayto.Sevilla,-664325,4494982.2
70,CASCO_ANTIGUO,204,5,SI,10/4/2014 9:00:08 PM,Ayto.Sevilla,10/4/2014 9:00:08 PM,Ayto.Sevilla,-667477.300000001,4492823.6
71,SUR,261,5,SI,10/4/2014 9:00:08 PM,Ayto.Sevilla,10/4/2014 9:00:08 PM,Ayto.Sevilla,-665265.899999999,4491699.8
72,MACARENA,368,2,SI,10/4/2014 9:00:08 PM,Ayto.Sevilla,10/4/2014 9:00:08 PM,Ayto.Sevilla,-665570.699999999,4496570.1
73,TRIANA,84,6,SI,10/4/2014 9:00:08 PM,Ayto.Sevilla,10/4/2014 9:00:08 PM,Ayto.Sevilla,-668564.399999999,4494680.4
74,SAN PABLO_SANTA JUSTA,376,5,SI,10/4/2014 9:00:08 PM,Ayto.Sevilla,10/4/2014 9:00:08 PM,Ayto.Sevilla,-664835.899999999,4494517.4
75,CASCO_ANTIGUO,205,3,SI,10/4/2014 9:00:08 PM,Ayto.Sevilla,10/4/2014 9:00:08 PM,Ayto.Sevilla,-667192.800000001,4492741.5
76,SUR,262,5,SI,10/4/2014 9:00:08 PM,Ayto.Sevilla,10/4/2014 9:00:08 PM,Ayto.Sevilla,-664923.899999999,4491193
77,MACARENA,367,4,SI,10/4/2014 9:00:08 PM,Ayto.Sevilla,10/4/2014 9:00:08 PM,Ayto.Sevilla,-664986.300000001,4496057.3
78,CASCO_ANTIGUO,30,6,SI,10/4/2014 9:00:08 PM,Ayto.Sevilla,10/4/2014 9:00:08 PM,Ayto.Sevilla,-668149.699999999,4494067.8
79,CASCO_ANTIGUO,206,5,SI,10/4/2014 9:00:08 PM,Ayto.Sevilla,10/4/2014 9:00:08 PM,Ayto.Sevilla,-667259.800000001,4492638.5
80,MACARENA,366,4,SI,10/4/2014 9:00:08 PM,Ayto.Sevilla,10/4/2014 9:00:08 PM,Ayto.Sevilla,-665193.300000001,4496049.2
81,SAN PABLO_SANTA JUSTA,377,5,SI,10/4/2014 9:00:08 PM,Ayto.Sevilla,10/4/2014 9:00:08 PM,Ayto.Sevilla,-665444.899999999,4493927.3
82,CASCO_ANTIGUO,29,6,SI,10/4/2014 9:00:08 PM,Ayto.Sevilla,10/4/2014 9:00:08 PM,Ayto.Sevilla,-668129.199999999,4493958.9
83,CASCO_ANTIGUO,267,3,SI,10/4/2014 9:00:08 PM,Ayto.Sevilla,10/4/2014 9:00:08 PM,Ayto.Sevilla,-667007,4492168.7
84,CASCO_ANTIGUO,209,4,SI,10/4/2014 9:00:08 PM,Ayto.Sevilla,10/4/2014 9:00:08 PM,Ayto.Sevilla,-666701,4493387.1
85,SAN PABLO_SANTA JUSTA,379,4,SI,10/4/2014 9:00:08 PM,Ayto.Sevilla,10/4/2014 9:00:08 PM,Ayto.Sevilla,-664024.300000001,4494843.2
86,CASCO_ANTIGUO,266,3,SI,10/4/2014 9:00:08 PM,Ayto.Sevilla,10/4/2014 9:00:08 PM,Ayto.Sevilla,-666996.5,4492176.9
87,CASCO_ANTIGUO,31,6,SI,10/4/2014 9:00:08 PM,Ayto.Sevilla,10/4/2014 9:00:08 PM,Ayto.Sevilla,-667848.899999999,4494029.6
88,SAN PABLO_SANTA JUSTA,417,4,SI,10/4/2014 9:00:08 PM,Ayto.Sevilla,10/4/2014 9:00:08 PM,Ayto.Sevilla,-664325.600000001,4493656.7
89,SAN PABLO_SANTA JUSTA,416,4,SI,10/4/2014 9:00:08 PM,Ayto.Sevilla,10/4/2014 9:00:08 PM,Ayto.Sevilla,-665050.300000001,4493546.8
90,SAN PABLO_SANTA JUSTA,385,4,SI,10/4/2014 9:00:08 PM,Ayto.Sevilla,10/4/2014 9:00:08 PM,Ayto.Sevilla,-663984,4494101
91,CERRO_AMATE,268,3,SI,10/4/2014 9:00:08 PM,Ayto.Sevilla,10/4/2014 9:00:08 PM,Ayto.Sevilla,-663683.300000001,4490750.8
92,CASCO_ANTIGUO,37,6,SI,10/4/2014 9:00:08 PM,Ayto.Sevilla,10/4/2014 9:00:08 PM,Ayto.Sevilla,-667609.100000001,4494309
93,SAN PABLO_SANTA JUSTA,415,4,SI,10/4/2014 9:00:08 PM,Ayto.Sevilla,10/4/2014 9:00:08 PM,Ayto.Sevilla,-664807.399999999,4493783.8
94,SUR,269,6,SI,10/4/2014 9:00:08 PM,Ayto.Sevilla,10/4/2014 9:00:08 PM,Ayto.Sevilla,-665421.100000001,4489147.4
95,SAN PABLO_SANTA JUSTA,384,4,SI,10/4/2014 9:00:08 PM,Ayto.Sevilla,10/4/2014 9:00:08 PM,Ayto.Sevilla,-664212,4494310.8
96,BELLAVISTA_LA PALMERA,547,10,SI,10/4/2014 9:00:08 PM,Ayto.Sevilla,10/4/2014 9:00:08 PM,Ayto.Sevilla,-664522.699999999,4483569.2
97,SAN PABLO_SANTA JUSTA,414,3,SI,10/4/2014 9:00:08 PM,Ayto.Sevilla,10/4/2014 9:00:08 PM,Ayto.Sevilla,-664784.199999999,4493250.1
98,CASCO_ANTIGUO,27,6,SI,10/4/2014 9:00:08 PM,Ayto.Sevilla,10/4/2014 9:00:08 PM,Ayto.Sevilla,-668266,4493745.1
99,CERRO_AMATE,413,5,SI,10/4/2014 9:00:08 PM,Ayto.Sevilla,10/4/2014 9:00:08 PM,Ayto.Sevilla,-661401.100000001,4490653.3
100,SAN PABLO_SANTA JUSTA,383,4,SI,10/4/2014 9:00:08 PM,Ayto.Sevilla,10/4/2014 9:00:08 PM,Ayto.Sevilla,-663826.800000001,4494254.3
101,CASCO_ANTIGUO,28,6,SI,10/4/2014 9:00:08 PM,Ayto.Sevilla,10/4/2014 9:00:08 PM,Ayto.Sevilla,-668188.899999999,4493746
102,SUR,270,4,SI,10/4/2014 9:00:08 PM,Ayto.Sevilla,10/4/2014 9:00:08 PM,Ayto.Sevilla,-665668.600000001,4489295.8
103,CERRO_AMATE,412,5,SI,10/4/2014 9:00:08 PM,Ayto.Sevilla,10/4/2014 9:00:08 PM,Ayto.Sevilla,-661401.600000001,4491364.2
104,SAN PABLO_SANTA JUSTA,382,4,SI,10/4/2014 9:00:08 PM,Ayto.Sevilla,10/4/2014 9:00:08 PM,Ayto.Sevilla,-662427.600000001,4495762.3
105,CERRO_AMATE,411,3,SI,10/4/2014 9:00:08 PM,Ayto.Sevilla,10/4/2014 9:00:08 PM,Ayto.Sevilla,-661202.5,4491358.7
106,CASCO_ANTIGUO,76,6,SI,10/4/2014 9:00:08 PM,Ayto.Sevilla,10/4/2014 9:00:08 PM,Ayto.Sevilla,-668188.100000001,4493746.6
107,SUR,506,5,SI,10/4/2014 9:00:08 PM,Ayto.Sevilla,10/4/2014 9:00:08 PM,Ayto.Sevilla,-665015.5,4490279.7
108,SAN PABLO_SANTA JUSTA,381,4,SI,10/4/2014 9:00:08 PM,Ayto.Sevilla,10/4/2014 9:00:08 PM,Ayto.Sevilla,-663342.800000001,4494776.5
109,SUR,271,2,SI,10/4/2014 9:00:08 PM,Ayto.Sevilla,10/4/2014 9:00:08 PM,Ayto.Sevilla,-665664.199999999,4489298
110,SAN PABLO_SANTA JUSTA,380,4,SI,10/4/2014 9:00:08 PM,Ayto.Sevilla,10/4/2014 9:00:08 PM,Ayto.Sevilla,-663251.899999999,4495181.3
111,SUR,505,4,SI,10/4/2014 9:00:08 PM,Ayto.Sevilla,10/4/2014 9:00:08 PM,Ayto.Sevilla,-663724.899999999,4489804.3
112,TRIANA,77,6,SI,10/4/2014 9:00:08 PM,Ayto.Sevilla,10/4/2014 9:00:08 PM,Ayto.Sevilla,-668424.5,4492786.8
113,SUR,272,4,SI,10/4/2014 9:00:08 PM,Ayto.Sevilla,10/4/2014 9:00:08 PM,Ayto.Sevilla,-665750.100000001,4489499.9
114,SUR,504,3,SI,10/4/2014 9:00:08 PM,Ayto.Sevilla,10/4/2014 9:00:08 PM,Ayto.Sevilla,-664471.5,4489867.1
115,ESTE,410,3,SI,10/4/2014 9:00:08 PM,Ayto.Sevilla,10/4/2014 9:00:08 PM,Ayto.Sevilla,-658198.600000001,4492809.8
116,CASCO_ANTIGUO,58,6,SI,10/4/2014 9:00:08 PM,Ayto.Sevilla,10/4/2014 9:00:08 PM,Ayto.Sevilla,-667639.800000001,4492659.2
117,SUR,503,3,SI,10/4/2014 9:00:08 PM,Ayto.Sevilla,10/4/2014 9:00:08 PM,Ayto.Sevilla,-664238.600000001,4490245.8
118,SUR,296,6,SI,10/4/2014 9:00:08 PM,Ayto.Sevilla,10/4/2014 9:00:08 PM,Ayto.Sevilla,-666686.5,4492075.7
119,CASCO_ANTIGUO,211,4,SI,10/4/2014 9:00:08 PM,Ayto.Sevilla,10/4/2014 9:00:08 PM,Ayto.Sevilla,-666740.300000001,4494977.2
120,CASCO_ANTIGUO,59,6,SI,10/4/2014 9:00:08 PM,Ayto.Sevilla,10/4/2014 9:00:08 PM,Ayto.Sevilla,-667636.899999999,4492655.9
121,ESTE,409,7,SI,10/4/2014 9:00:08 PM,Ayto.Sevilla,10/4/2014 9:00:08 PM,Ayto.Sevilla,-658184.5,4492387
122,TRIANA,121,6,SI,10/4/2014 9:00:08 PM,Ayto.Sevilla,10/4/2014 9:00:08 PM,Ayto.Sevilla,-668921.699999999,4495241.8
123,SUR,502,3,SI,10/4/2014 9:00:08 PM,Ayto.Sevilla,10/4/2014 9:00:08 PM,Ayto.Sevilla,-664683.699999999,4489376
124,CASCO_ANTIGUO,212,3,SI,10/4/2014 9:00:08 PM,Ayto.Sevilla,10/4/2014 9:00:08 PM,Ayto.Sevilla,-666587.899999999,4494877.4
125,ESTE,408,6,SI,10/4/2014 9:00:08 PM,Ayto.Sevilla,10/4/2014 9:00:08 PM,Ayto.Sevilla,-656816.100000001,4492427
126,CASCO_ANTIGUO,60,6,SI,10/4/2014 9:00:08 PM,Ayto.Sevilla,10/4/2014 9:00:08 PM,Ayto.Sevilla,-667634.199999999,4492652.8
127,SUR,501,5,SI,10/4/2014 9:00:08 PM,Ayto.Sevilla,10/4/2014 9:00:08 PM,Ayto.Sevilla,-664669.899999999,4489086.6
128,CERRO_AMATE,238,4,SI,10/4/2014 9:00:08 PM,Ayto.Sevilla,10/4/2014 9:00:08 PM,Ayto.Sevilla,-658956.100000001,4491793.4
129,CASCO_ANTIGUO,20,6,SI,10/4/2014 9:00:08 PM,Ayto.Sevilla,10/4/2014 9:00:08 PM,Ayto.Sevilla,-668047.800000001,4493304
130,ESTE,407,3,SI,10/4/2014 9:00:08 PM,Ayto.Sevilla,10/4/2014 9:00:08 PM,Ayto.Sevilla,-657140.300000001,4493183.3
131,CERRO_AMATE,240,5,SI,10/4/2014 9:00:08 PM,Ayto.Sevilla,10/4/2014 9:00:08 PM,Ayto.Sevilla,-662250.899999999,4492554.3
132,TRIANA,120,6,SI,10/4/2014 9:00:08 PM,Ayto.Sevilla,10/4/2014 9:00:08 PM,Ayto.Sevilla,-668931,4495197.2
133,ESTE,406,3,SI,10/4/2014 9:00:08 PM,Ayto.Sevilla,10/4/2014 9:00:08 PM,Ayto.Sevilla,-657520.699999999,4492813.6
134,CASCO_ANTIGUO,19,6,SI,10/4/2014 9:00:08 PM,Ayto.Sevilla,10/4/2014 9:00:08 PM,Ayto.Sevilla,-667874.800000001,4493296.7
135,CERRO_AMATE,241,5,SI,10/4/2014 9:00:08 PM,Ayto.Sevilla,10/4/2014 9:00:08 PM,Ayto.Sevilla,-663236.199999999,4491649.8
136,SUR,500,4,SI,10/4/2014 9:00:08 PM,Ayto.Sevilla,10/4/2014 9:00:08 PM,Ayto.Sevilla,-664751.399999999,4489064.2
137,TRIANA,122,5,SI,10/4/2014 9:00:08 PM,Ayto.Sevilla,10/4/2014 9:00:08 PM,Ayto.Sevilla,-668754.5,4495384.6
138,CASCO_ANTIGUO,14,6,SI,10/4/2014 9:00:08 PM,Ayto.Sevilla,10/4/2014 9:00:08 PM,Ayto.Sevilla,-667779.5,4492942.8
139,ESTE,405,4,SI,10/4/2014 9:00:08 PM,Ayto.Sevilla,10/4/2014 9:00:08 PM,Ayto.Sevilla,-657906,4493049.7
140,ESTE,393,6,SI,10/4/2014 9:00:08 PM,Ayto.Sevilla,10/4/2014 9:00:08 PM,Ayto.Sevilla,-659709.399999999,4496862.4
141,ESTE,403,3,SI,10/4/2014 9:00:08 PM,Ayto.Sevilla,10/4/2014 9:00:08 PM,Ayto.Sevilla,-659051.100000001,4494479
142,CASCO_ANTIGUO,9,6,SI,10/4/2014 9:00:08 PM,Ayto.Sevilla,10/4/2014 9:00:08 PM,Ayto.Sevilla,-667620.5,4492761.1
143,TRIANA,123,4,SI,10/4/2014 9:00:08 PM,Ayto.Sevilla,10/4/2014 9:00:08 PM,Ayto.Sevilla,-668528.100000001,4495255.6
144,BELLAVISTA_LA PALMERA,358,6,SI,10/4/2014 9:00:08 PM,Ayto.Sevilla,10/4/2014 9:00:08 PM,Ayto.Sevilla,-665539.899999999,4488939.6
145,CASCO_ANTIGUO,8,6,SI,10/4/2014 9:00:08 PM,Ayto.Sevilla,10/4/2014 9:00:08 PM,Ayto.Sevilla,-667270.199999999,4492506.7
146,ESTE,312,5,SI,10/4/2014 9:00:08 PM,Ayto.Sevilla,10/4/2014 9:00:08 PM,Ayto.Sevilla,-659297.699999999,4493597.7
147,TRIANA,124,6,SI,10/4/2014 9:00:08 PM,Ayto.Sevilla,10/4/2014 9:00:08 PM,Ayto.Sevilla,-668525.5,4495522.3
148,CERRO_AMATE,242,4,SI,10/4/2014 9:00:08 PM,Ayto.Sevilla,10/4/2014 9:00:08 PM,Ayto.Sevilla,-662498.600000001,4491248.3
149,ESTE,402,3,SI,10/4/2014 9:00:08 PM,Ayto.Sevilla,10/4/2014 9:00:08 PM,Ayto.Sevilla,-659442.199999999,4494273.5
150,CASCO_ANTIGUO,10,6,SI,10/4/2014 9:00:08 PM,Ayto.Sevilla,10/4/2014 9:00:08 PM,Ayto.Sevilla,-667265.800000001,4492726.6
151,TRIANA,125,4,SI,10/4/2014 9:00:08 PM,Ayto.Sevilla,10/4/2014 9:00:08 PM,Ayto.Sevilla,-668728.699999999,4495751.3
152,ESTE,230,5,SI,10/4/2014 9:00:08 PM,Ayto.Sevilla,10/4/2014 9:00:08 PM,Ayto.Sevilla,-661125.300000001,4495097.3
153,CASCO_ANTIGUO,11,6,SI,10/4/2014 9:00:08 PM,Ayto.Sevilla,10/4/2014 9:00:08 PM,Ayto.Sevilla,-667075.199999999,4492741.6
154,ESTE,401,4,SI,10/4/2014 9:00:08 PM,Ayto.Sevilla,10/4/2014 9:00:08 PM,Ayto.Sevilla,-660174.600000001,4494718.5
155,TRIANA,127,5,SI,10/4/2014 9:00:08 PM,Ayto.Sevilla,10/4/2014 9:00:08 PM,Ayto.Sevilla,-668558.899999999,4496289.8
156,BELLAVISTA_LA PALMERA,451,7,SI,10/4/2014 9:00:08 PM,Ayto.Sevilla,10/4/2014 9:00:08 PM,Ayto.Sevilla,-666483.399999999,4490594.9
157,ESTE,231,5,SI,10/4/2014 9:00:08 PM,Ayto.Sevilla,10/4/2014 9:00:08 PM,Ayto.Sevilla,-659601.899999999,4495987
158,ESTE,400,4,SI,10/4/2014 9:00:08 PM,Ayto.Sevilla,10/4/2014 9:00:08 PM,Ayto.Sevilla,-658763.300000001,4495893.4
159,CASCO_ANTIGUO,85,6,SI,10/4/2014 9:00:08 PM,Ayto.Sevilla,10/4/2014 9:00:08 PM,Ayto.Sevilla,-667825.199999999,4494777.6
160,ESTE,232,4,SI,10/4/2014 9:00:08 PM,Ayto.Sevilla,10/4/2014 9:00:08 PM,Ayto.Sevilla,-657115.600000001,4492451.1
161,TRIANA,126,4,SI,10/4/2014 9:00:08 PM,Ayto.Sevilla,10/4/2014 9:00:08 PM,Ayto.Sevilla,-668651.399999999,4495928.3
162,MACARENA,449,5,SI,10/4/2014 9:00:08 PM,Ayto.Sevilla,10/4/2014 9:00:08 PM,Ayto.Sevilla,-666763.399999999,4495795.1
163,ESTE,399,3,SI,10/4/2014 9:00:08 PM,Ayto.Sevilla,10/4/2014 9:00:08 PM,Ayto.Sevilla,-659623.600000001,4495329.1
164,ESTE,233,8,SI,10/4/2014 9:00:08 PM,Ayto.Sevilla,10/4/2014 9:00:08 PM,Ayto.Sevilla,-659258,4493801.9
165,CASCO_ANTIGUO,45,6,SI,10/4/2014 9:00:08 PM,Ayto.Sevilla,10/4/2014 9:00:08 PM,Ayto.Sevilla,-667769.5,4494724.1
166,TRIANA,128,5,SI,10/4/2014 9:00:08 PM,Ayto.Sevilla,10/4/2014 9:00:08 PM,Ayto.Sevilla,-668231,4496311.5
167,ESTE,234,4,SI,10/4/2014 9:00:08 PM,Ayto.Sevilla,10/4/2014 9:00:08 PM,Ayto.Sevilla,-658670.600000001,4493260.5
168,MACARENA,473,5,SI,10/4/2014 9:00:08 PM,Ayto.Sevilla,10/4/2014 9:00:08 PM,Ayto.Sevilla,-666478.300000001,4495571.2
169,CASCO_ANTIGUO,44,6,SI,10/4/2014 9:00:08 PM,Ayto.Sevilla,10/4/2014 9:00:08 PM,Ayto.Sevilla,-667578.100000001,4494603.6
170,ESTE,398,4,SI,10/4/2014 9:00:08 PM,Ayto.Sevilla,10/4/2014 9:00:08 PM,Ayto.Sevilla,-659109.399999999,4495726.7
171,TRIANA,129,5,SI,10/4/2014 9:00:08 PM,Ayto.Sevilla,10/4/2014 9:00:08 PM,Ayto.Sevilla,-669107,4493314.7
172,ESTE,397,3,SI,10/4/2014 9:00:08 PM,Ayto.Sevilla,10/4/2014 9:00:08 PM,Ayto.Sevilla,-661090.899999999,4494861.6
173,ESTE,235,5,SI,10/4/2014 9:00:08 PM,Ayto.Sevilla,10/4/2014 9:00:08 PM,Ayto.Sevilla,-659691.399999999,4494691.6
174,CASCO_ANTIGUO,42,6,SI,10/4/2014 9:00:08 PM,Ayto.Sevilla,10/4/2014 9:00:08 PM,Ayto.Sevilla,-667296.5,4494405.4
175,ESTE,446,5,SI,10/4/2014 9:00:08 PM,Ayto.Sevilla,10/4/2014 9:00:08 PM,Ayto.Sevilla,-659490.300000001,4494455.5
176,TRIANA,130,4,SI,10/4/2014 9:00:08 PM,Ayto.Sevilla,10/4/2014 9:00:08 PM,Ayto.Sevilla,-668739.100000001,4493199.9
177,ESTE,236,5,SI,10/4/2014 9:00:08 PM,Ayto.Sevilla,10/4/2014 9:00:08 PM,Ayto.Sevilla,-659542.899999999,4494790.8
178,ESTE,237,5,SI,10/4/2014 9:00:08 PM,Ayto.Sevilla,10/4/2014 9:00:08 PM,Ayto.Sevilla,-660310.399999999,4495976.5
179,TRIANA,131,3,SI,10/4/2014 9:00:08 PM,Ayto.Sevilla,10/4/2014 9:00:08 PM,Ayto.Sevilla,-668792.399999999,4493093.2
180,ESTE,447,5,SI,10/4/2014 9:00:08 PM,Ayto.Sevilla,10/4/2014 9:00:08 PM,Ayto.Sevilla,-659205.199999999,4493843.4
181,CASCO_ANTIGUO,43,6,SI,10/4/2014 9:00:08 PM,Ayto.Sevilla,10/4/2014 9:00:08 PM,Ayto.Sevilla,-667301.300000001,4494555.2
182,ESTE,396,4,SI,10/4/2014 9:00:08 PM,Ayto.Sevilla,10/4/2014 9:00:08 PM,Ayto.Sevilla,-661493.600000001,4495771.1
183,ESTE,395,4,SI,10/4/2014 9:00:08 PM,Ayto.Sevilla,10/4/2014 9:00:08 PM,Ayto.Sevilla,-660931.199999999,4495981.6
184,ESTE,448,4,SI,10/4/2014 9:00:08 PM,Ayto.Sevilla,10/4/2014 9:00:08 PM,Ayto.Sevilla,-659526.600000001,4495267.6
185,CASCO_ANTIGUO,41,6,SI,10/4/2014 9:00:08 PM,Ayto.Sevilla,10/4/2014 9:00:08 PM,Ayto.Sevilla,-667032.300000001,4494587.3
186,TRIANA,132,5,SI,10/4/2014 9:00:08 PM,Ayto.Sevilla,10/4/2014 9:00:08 PM,Ayto.Sevilla,-668912.199999999,4492664.3
187,MACARENA_NORTE,172,4,SI,10/4/2014 9:00:08 PM,Ayto.Sevilla,10/4/2014 9:00:08 PM,Ayto.Sevilla,-664490,4495913.6
188,ESTE,394,6,SI,10/4/2014 9:00:08 PM,Ayto.Sevilla,10/4/2014 9:00:08 PM,Ayto.Sevilla,-659994.5,4496886.9
189,CASCO_ANTIGUO,40,6,SI,10/4/2014 9:00:08 PM,Ayto.Sevilla,10/4/2014 9:00:08 PM,Ayto.Sevilla,-666895.699999999,4494559.6
190,CASCO_ANTIGUO,67,6,SI,10/4/2014 9:00:08 PM,Ayto.Sevilla,10/4/2014 9:00:08 PM,Ayto.Sevilla,-666929.600000001,4494453
191,MACARENA_NORTE,173,4,SI,10/4/2014 9:00:08 PM,Ayto.Sevilla,10/4/2014 9:00:08 PM,Ayto.Sevilla,-664318.699999999,4495494.1
192,ESTE,392,3,SI,10/4/2014 9:00:08 PM,Ayto.Sevilla,10/4/2014 9:00:08 PM,Ayto.Sevilla,-658891.5,4496333.8
193,LOS REMEDIOS,510,4,SI,10/4/2014 9:00:08 PM,Ayto.Sevilla,10/4/2014 9:00:08 PM,Ayto.Sevilla,-667741.199999999,4492020.3
194,CASCO_ANTIGUO,114,6,SI,10/4/2014 9:00:08 PM,Ayto.Sevilla,10/4/2014 9:00:08 PM,Ayto.Sevilla,-667473.600000001,4495260.1
195,ESTE,391,4,SI,10/4/2014 9:00:08 PM,Ayto.Sevilla,10/4/2014 9:00:08 PM,Ayto.Sevilla,-659098.300000001,4496163.5
196,TRIANA,133,5,SI,10/4/2014 9:00:08 PM,Ayto.Sevilla,10/4/2014 9:00:08 PM,Ayto.Sevilla,-669003.199999999,4492482.8
197,MACARENA,223,3,SI,10/4/2014 9:00:08 PM,Ayto.Sevilla,10/4/2014 9:00:08 PM,Ayto.Sevilla,-666610.899999999,4495476.8
198,ESTE,390,3,SI,10/4/2014 9:00:08 PM,Ayto.Sevilla,10/4/2014 9:00:08 PM,Ayto.Sevilla,-660029.100000001,4496586
199,TRIANA,135,5,SI,10/4/2014 9:00:08 PM,Ayto.Sevilla,10/4/2014 9:00:08 PM,Ayto.Sevilla,-668756.699999999,4492748
200,CASCO_ANTIGUO,51,6,SI,10/4/2014 9:00:08 PM,Ayto.Sevilla,10/4/2014 9:00:08 PM,Ayto.Sevilla,-667281.199999999,4495236.6
201,LOS REMEDIOS,511,5,SI,10/4/2014 9:00:08 PM,Ayto.Sevilla,10/4/2014 9:00:08 PM,Ayto.Sevilla,-667934,4491465.2
202,CASCO_ANTIGUO,52,6,SI,10/4/2014 9:00:08 PM,Ayto.Sevilla,10/4/2014 9:00:08 PM,Ayto.Sevilla,-667247.600000001,4495213.7
203,ESTE,389,5,SI,10/4/2014 9:00:08 PM,Ayto.Sevilla,10/4/2014 9:00:08 PM,Ayto.Sevilla,-659917.399999999,4496802.1
204,TRIANA,136,4,SI,10/4/2014 9:00:08 PM,Ayto.Sevilla,10/4/2014 9:00:08 PM,Ayto.Sevilla,-668708.699999999,4492530
205,MACARENA,177,3,SI,10/4/2014 9:00:08 PM,Ayto.Sevilla,10/4/2014 9:00:08 PM,Ayto.Sevilla,-666643.100000001,4495476.3
206,LOS REMEDIOS,512,5,SI,10/4/2014 9:00:08 PM,Ayto.Sevilla,10/4/2014 9:00:08 PM,Ayto.Sevilla,-669235.100000001,4490654.4
207,BELLAVISTA_LA PALMERA,460,4,SI,10/4/2014 9:00:08 PM,Ayto.Sevilla,10/4/2014 9:00:08 PM,Ayto.Sevilla,-664751.800000001,4482971
208,CASCO_ANTIGUO,53,6,SI,10/4/2014 9:00:08 PM,Ayto.Sevilla,10/4/2014 9:00:08 PM,Ayto.Sevilla,-667244.600000001,4495291.9
209,TRIANA,137,4,SI,10/4/2014 9:00:08 PM,Ayto.Sevilla,10/4/2014 9:00:08 PM,Ayto.Sevilla,-668301.100000001,4492909.6
210,MACARENA,179,4,SI,10/4/2014 9:00:08 PM,Ayto.Sevilla,10/4/2014 9:00:08 PM,Ayto.Sevilla,-666387.5,4495786.3
211,TRIANA,536,7,SI,10/4/2014 9:00:08 PM,Ayto.Sevilla,10/4/2014 9:00:08 PM,Ayto.Sevilla,-668666,4496423.1
212,CASCO_ANTIGUO,54,6,SI,10/4/2014 9:00:08 PM,Ayto.Sevilla,10/4/2014 9:00:08 PM,Ayto.Sevilla,-667137.100000001,4495468.4
213,BELLAVISTA_LA PALMERA,459,4,SI,10/4/2014 9:00:08 PM,Ayto.Sevilla,10/4/2014 9:00:08 PM,Ayto.Sevilla,-664204.600000001,4483715.5
214,TRIANA,138,5,SI,10/4/2014 9:00:08 PM,Ayto.Sevilla,10/4/2014 9:00:08 PM,Ayto.Sevilla,-669120.399999999,4492631.7
215,TRIANA,538,9,SI,10/4/2014 9:00:08 PM,Ayto.Sevilla,10/4/2014 9:00:08 PM,Ayto.Sevilla,-668581.100000001,4496407.4
216,MACARENA,180,4,SI,10/4/2014 9:00:08 PM,Ayto.Sevilla,10/4/2014 9:00:08 PM,Ayto.Sevilla,-666312.199999999,4495433.9
217,CASCO_ANTIGUO,55,6,SI,10/4/2014 9:00:08 PM,Ayto.Sevilla,10/4/2014 9:00:08 PM,Ayto.Sevilla,-666752,4495397.1
218,BELLAVISTA_LA PALMERA,458,4,SI,10/4/2014 9:00:08 PM,Ayto.Sevilla,10/4/2014 9:00:08 PM,Ayto.Sevilla,-664101,4484058.1
219,MACARENA,181,4,SI,10/4/2014 9:00:08 PM,Ayto.Sevilla,10/4/2014 9:00:08 PM,Ayto.Sevilla,-665721.600000001,4495680.3
220,MACARENA_NORTE,535,5,SI,10/4/2014 9:00:08 PM,Ayto.Sevilla,10/4/2014 9:00:08 PM,Ayto.Sevilla,-665976.300000001,4497165.1
221,TRIANA,139,4,SI,10/4/2014 9:00:08 PM,Ayto.Sevilla,10/4/2014 9:00:08 PM,Ayto.Sevilla,-668551.800000001,4491691.8
222,CASCO_ANTIGUO,46,6,SI,10/4/2014 9:00:08 PM,Ayto.Sevilla,10/4/2014 9:00:08 PM,Ayto.Sevilla,-666979.399999999,4494898.7
223,MACARENA_NORTE,498,5,SI,10/4/2014 9:00:08 PM,Ayto.Sevilla,10/4/2014 9:00:08 PM,Ayto.Sevilla,-666520.100000001,4498791.6
224,BELLAVISTA_LA PALMERA,457,4,SI,10/4/2014 9:00:08 PM,Ayto.Sevilla,10/4/2014 9:00:08 PM,Ayto.Sevilla,-664290.5,4484579.4
225,TRIANA,148,4,SI,10/4/2014 9:00:08 PM,Ayto.Sevilla,10/4/2014 9:00:08 PM,Ayto.Sevilla,-668987.899999999,4492313.1
226,MACARENA_NORTE,499,3,SI,10/4/2014 9:00:08 PM,Ayto.Sevilla,10/4/2014 9:00:08 PM,Ayto.Sevilla,-666416.699999999,4498787.9
227,BELLAVISTA_LA PALMERA,452,5,SI,10/4/2014 9:00:08 PM,Ayto.Sevilla,10/4/2014 9:00:08 PM,Ayto.Sevilla,-666376.300000001,4490038
228,CASCO_ANTIGUO,95,6,SI,10/4/2014 9:00:08 PM,Ayto.Sevilla,10/4/2014 9:00:08 PM,Ayto.Sevilla,-666580.699999999,4494779.9
229,CASCO_ANTIGUO,287,4,SI,10/4/2014 9:00:08 PM,Ayto.Sevilla,10/4/2014 9:00:08 PM,Ayto.Sevilla,-666158.899999999,4493707.6
230,MACARENA_NORTE,543,6,SI,10/4/2014 9:00:08 PM,Ayto.Sevilla,10/4/2014 9:00:08 PM,Ayto.Sevilla,-664366.5,4497574.7
231,NERVION,289,5,SI,10/4/2014 9:00:08 PM,Ayto.Sevilla,10/4/2014 9:00:08 PM,Ayto.Sevilla,-665603.600000001,4493768
232,MACARENA,182,3,SI,10/4/2014 9:00:08 PM,Ayto.Sevilla,10/4/2014 9:00:08 PM,Ayto.Sevilla,-665229.5,4495668.7
233,CASCO_ANTIGUO,47,6,SI,10/4/2014 9:00:08 PM,Ayto.Sevilla,10/4/2014 9:00:08 PM,Ayto.Sevilla,-666570.5,4494720.9
234,BELLAVISTA_LA PALMERA,450,5,SI,10/4/2014 9:00:08 PM,Ayto.Sevilla,10/4/2014 9:00:08 PM,Ayto.Sevilla,-666745.300000001,4490593
235,MACARENA_NORTE,474,4,SI,10/4/2014 9:00:08 PM,Ayto.Sevilla,10/4/2014 9:00:08 PM,Ayto.Sevilla,-664501.899999999,4496930.5
236,NERVION,288,5,SI,10/4/2014 9:00:08 PM,Ayto.Sevilla,10/4/2014 9:00:08 PM,Ayto.Sevilla,-665672.600000001,4493691.4
237,MACARENA,226,6,SI,10/4/2014 9:00:08 PM,Ayto.Sevilla,10/4/2014 9:00:08 PM,Ayto.Sevilla,-666742.300000001,4495844.7
238,BELLAVISTA_LA PALMERA,357,5,SI,10/4/2014 9:00:08 PM,Ayto.Sevilla,10/4/2014 9:00:08 PM,Ayto.Sevilla,-665843.899999999,4487659.6
239,CASCO_ANTIGUO,39,6,SI,10/4/2014 9:00:08 PM,Ayto.Sevilla,10/4/2014 9:00:08 PM,Ayto.Sevilla,-666551.199999999,4494516.7
240,NERVION,290,5,SI,10/4/2014 9:00:08 PM,Ayto.Sevilla,10/4/2014 9:00:08 PM,Ayto.Sevilla,-665503.300000001,4493182.8
241,MACARENA,476,5,SI,10/4/2014 9:00:08 PM,Ayto.Sevilla,10/4/2014 9:00:08 PM,Ayto.Sevilla,-664753.5,4496092.5
242,MACARENA,298,5,SI,10/4/2014 9:00:08 PM,Ayto.Sevilla,10/4/2014 9:00:08 PM,Ayto.Sevilla,-664738.300000001,4495592.2
243,CASCO_ANTIGUO,50,6,SI,10/4/2014 9:00:08 PM,Ayto.Sevilla,10/4/2014 9:00:08 PM,Ayto.Sevilla,-666191.300000001,4494884
244,BELLAVISTA_LA PALMERA,356,3,SI,10/4/2014 9:00:08 PM,Ayto.Sevilla,10/4/2014 9:00:08 PM,Ayto.Sevilla,-665620.800000001,4487492.3
245,NERVION,291,5,SI,10/4/2014 9:00:08 PM,Ayto.Sevilla,10/4/2014 9:00:08 PM,Ayto.Sevilla,-665526.800000001,4493024.8
246,SAN PABLO_SANTA JUSTA,378,5,SI,10/4/2014 9:00:08 PM,Ayto.Sevilla,10/4/2014 9:00:08 PM,Ayto.Sevilla,-664900.300000001,4495015.1
247,MACARENA,299,5,SI,10/4/2014 9:00:08 PM,Ayto.Sevilla,10/4/2014 9:00:08 PM,Ayto.Sevilla,-666491.199999999,4496828.5
248,BELLAVISTA_LA PALMERA,355,3,SI,10/4/2014 9:00:08 PM,Ayto.Sevilla,10/4/2014 9:00:08 PM,Ayto.Sevilla,-665687,4487744.1
249,CASCO_ANTIGUO,49,6,SI,10/4/2014 9:00:08 PM,Ayto.Sevilla,10/4/2014 9:00:08 PM,Ayto.Sevilla,-666109,4494854.7
250,SAN PABLO_SANTA JUSTA,520,6,SI,10/4/2014 9:00:08 PM,Ayto.Sevilla,10/4/2014 9:00:08 PM,Ayto.Sevilla,-665354.100000001,4494219.1
251,MACARENA,300,5,SI,10/4/2014 9:00:08 PM,Ayto.Sevilla,10/4/2014 9:00:08 PM,Ayto.Sevilla,-666384.5,4496783.6
252,NERVION,292,5,SI,10/4/2014 9:00:08 PM,Ayto.Sevilla,10/4/2014 9:00:08 PM,Ayto.Sevilla,-665825.800000001,4493121
253,SAN PABLO_SANTA JUSTA,521,4,SI,10/4/2014 9:00:08 PM,Ayto.Sevilla,10/4/2014 9:00:08 PM,Ayto.Sevilla,-665178.199999999,4494608.1
254,MACARENA,331,5,SI,10/4/2014 9:00:08 PM,Ayto.Sevilla,10/4/2014 9:00:08 PM,Ayto.Sevilla,-664964.199999999,4495450.2
255,CASCO_ANTIGUO,48,6,SI,10/4/2014 9:00:08 PM,Ayto.Sevilla,10/4/2014 9:00:08 PM,Ayto.Sevilla,-666131.399999999,4494668.4
256,BELLAVISTA_LA PALMERA,350,4,SI,10/4/2014 9:00:08 PM,Ayto.Sevilla,10/4/2014 9:00:08 PM,Ayto.Sevilla,-665943.600000001,4489045.3
257,SAN PABLO_SANTA JUSTA,522,5,SI,10/4/2014 9:00:08 PM,Ayto.Sevilla,10/4/2014 9:00:08 PM,Ayto.Sevilla,-665214.899999999,4494889
258,MACARENA_NORTE,154,4,SI,10/4/2014 9:00:08 PM,Ayto.Sevilla,10/4/2014 9:00:08 PM,Ayto.Sevilla,-666487.800000001,4497444.4
259,BELLAVISTA_LA PALMERA,349,7,SI,10/4/2014 9:00:08 PM,Ayto.Sevilla,10/4/2014 9:00:08 PM,Ayto.Sevilla,-666655.399999999,4489537.9
260,SAN PABLO_SANTA JUSTA,118,6,SI,10/4/2014 9:00:08 PM,Ayto.Sevilla,10/4/2014 9:00:08 PM,Ayto.Sevilla,-665825.199999999,4494305.2
261,SAN PABLO_SANTA JUSTA,523,3,SI,10/4/2014 9:00:08 PM,Ayto.Sevilla,10/4/2014 9:00:08 PM,Ayto.Sevilla,-665110.899999999,4494756.5
262,NERVION,293,5,SI,10/4/2014 9:00:08 PM,Ayto.Sevilla,10/4/2014 9:00:08 PM,Ayto.Sevilla,-665823.399999999,4493142.3
263,SAN PABLO_SANTA JUSTA,87,6,SI,10/4/2014 9:00:08 PM,Ayto.Sevilla,10/4/2014 9:00:08 PM,Ayto.Sevilla,-665962.600000001,4494402.9
264,SAN PABLO_SANTA JUSTA,524,4,SI,10/4/2014 9:00:08 PM,Ayto.Sevilla,10/4/2014 9:00:08 PM,Ayto.Sevilla,-664855.399999999,4494782.2
265,BELLAVISTA_LA PALMERA,348,7,SI,10/4/2014 9:00:08 PM,Ayto.Sevilla,10/4/2014 9:00:08 PM,Ayto.Sevilla,-666384.600000001,4489784.9
266,MACARENA_NORTE,155,5,SI,10/4/2014 9:00:08 PM,Ayto.Sevilla,10/4/2014 9:00:08 PM,Ayto.Sevilla,-665914,4498408.7
267,NERVION,294,4,SI,10/4/2014 9:00:08 PM,Ayto.Sevilla,10/4/2014 9:00:08 PM,Ayto.Sevilla,-665277.199999999,4493221.9
268,SAN PABLO_SANTA JUSTA,525,5,SI,10/4/2014 9:00:08 PM,Ayto.Sevilla,10/4/2014 9:00:08 PM,Ayto.Sevilla,-665471.100000001,4494932.5
269,MACARENA_NORTE,157,3,SI,10/4/2014 9:00:08 PM,Ayto.Sevilla,10/4/2014 9:00:08 PM,Ayto.Sevilla,-666203.399999999,4498474.4
270,BELLAVISTA_LA PALMERA,347,7,SI,10/4/2014 9:00:08 PM,Ayto.Sevilla,10/4/2014 9:00:08 PM,Ayto.Sevilla,-666390.199999999,4489636.5
271,CASCO_ANTIGUO,38,6,SI,10/4/2014 9:00:08 PM,Ayto.Sevilla,10/4/2014 9:00:08 PM,Ayto.Sevilla,-666043.5,4494317
272,NERVION,295,4,SI,10/4/2014 9:00:08 PM,Ayto.Sevilla,10/4/2014 9:00:08 PM,Ayto.Sevilla,-665246.899999999,4492832.3
273,SAN PABLO_SANTA JUSTA,526,3,SI,10/4/2014 9:00:08 PM,Ayto.Sevilla,10/4/2014 9:00:08 PM,Ayto.Sevilla,-666024.199999999,4494016.8
274,MACARENA_NORTE,156,3,SI,10/4/2014 9:00:08 PM,Ayto.Sevilla,10/4/2014 9:00:08 PM,Ayto.Sevilla,-666197.199999999,4498473.4
275,SUR,454,5,SI,10/4/2014 9:00:08 PM,Ayto.Sevilla,10/4/2014 9:00:08 PM,Ayto.Sevilla,-666626.699999999,4491900.8
276,CASCO_ANTIGUO,63,6,SI,10/4/2014 9:00:08 PM,Ayto.Sevilla,10/4/2014 9:00:08 PM,Ayto.Sevilla,-666372.800000001,4494253.5
277,NERVION,315,3,SI,10/4/2014 9:00:08 PM,Ayto.Sevilla,10/4/2014 9:00:08 PM,Ayto.Sevilla,-665162.600000001,4491853.9
278,MACARENA_NORTE,160,4,SI,10/4/2014 9:00:08 PM,Ayto.Sevilla,10/4/2014 9:00:08 PM,Ayto.Sevilla,-665958.100000001,4498539.1
279,SUR,453,4,SI,10/4/2014 9:00:08 PM,Ayto.Sevilla,10/4/2014 9:00:08 PM,Ayto.Sevilla,-666270.399999999,4491330.1
280,MACARENA,488,5,SI,10/4/2014 9:00:08 PM,Ayto.Sevilla,10/4/2014 9:00:08 PM,Ayto.Sevilla,-666180.699999999,4496509.5
281,CASCO_ANTIGUO,36,6,SI,10/4/2014 9:00:08 PM,Ayto.Sevilla,10/4/2014 9:00:08 PM,Ayto.Sevilla,-666606.399999999,4494134.3
282,MACARENA_NORTE,161,5,SI,10/4/2014 9:00:08 PM,Ayto.Sevilla,10/4/2014 9:00:08 PM,Ayto.Sevilla,-664983.199999999,4498639.4
283,SUR,388,4,SI,10/4/2014 9:00:08 PM,Ayto.Sevilla,10/4/2014 9:00:08 PM,Ayto.Sevilla,-665798.199999999,4491697.4
284,CASCO_ANTIGUO,80,6,SI,10/4/2014 9:00:08 PM,Ayto.Sevilla,10/4/2014 9:00:08 PM,Ayto.Sevilla,-666550.399999999,4494046
285,MACARENA,482,3,SI,10/4/2014 9:00:08 PM,Ayto.Sevilla,10/4/2014 9:00:08 PM,Ayto.Sevilla,-666364.399999999,4496452.2
286,NERVION,301,4,SI,10/4/2014 9:00:08 PM,Ayto.Sevilla,10/4/2014 9:00:08 PM,Ayto.Sevilla,-665006,4492207.8
287,MACARENA_NORTE,162,4,SI,10/4/2014 9:00:08 PM,Ayto.Sevilla,10/4/2014 9:00:08 PM,Ayto.Sevilla,-664195.300000001,4498238.7
288,SUR,387,4,SI,10/4/2014 9:00:08 PM,Ayto.Sevilla,10/4/2014 9:00:08 PM,Ayto.Sevilla,-664878.100000001,4491446
289,NERVION,302,3,SI,10/4/2014 9:00:08 PM,Ayto.Sevilla,10/4/2014 9:00:08 PM,Ayto.Sevilla,-664930,4492008.6
290,NERVION,527,3,SI,10/4/2014 9:00:08 PM,Ayto.Sevilla,10/4/2014 9:00:08 PM,Ayto.Sevilla,-666110.100000001,4493385
291,MACARENA_NORTE,163,4,SI,10/4/2014 9:00:08 PM,Ayto.Sevilla,10/4/2014 9:00:08 PM,Ayto.Sevilla,-664484,4498630.7
292,SUR,359,5,SI,10/4/2014 9:00:08 PM,Ayto.Sevilla,10/4/2014 9:00:08 PM,Ayto.Sevilla,-665937.199999999,4490267.3
293,CASCO_ANTIGUO,35,6,SI,10/4/2014 9:00:08 PM,Ayto.Sevilla,10/4/2014 9:00:08 PM,Ayto.Sevilla,-666419.899999999,4494018.3
294,MACARENA_NORTE,164,4,SI,10/4/2014 9:00:08 PM,Ayto.Sevilla,10/4/2014 9:00:08 PM,Ayto.Sevilla,-663892.300000001,4498425.3
295,NERVION,303,3,SI,10/4/2014 9:00:08 PM,Ayto.Sevilla,10/4/2014 9:00:08 PM,Ayto.Sevilla,-664706.300000001,4491666
296,NERVION,528,5,SI,10/4/2014 9:00:08 PM,Ayto.Sevilla,10/4/2014 9:00:08 PM,Ayto.Sevilla,-666057.100000001,4493184.5
297,CERRO_AMATE,431,5,SI,10/4/2014 9:00:08 PM,Ayto.Sevilla,10/4/2014 9:00:08 PM,Ayto.Sevilla,-661797.399999999,4492808.6
298,MACARENA_NORTE,165,4,SI,10/4/2014 9:00:08 PM,Ayto.Sevilla,10/4/2014 9:00:08 PM,Ayto.Sevilla,-663487.100000001,4498009.5
299,CASCO_ANTIGUO,88,6,SI,10/4/2014 9:00:08 PM,Ayto.Sevilla,10/4/2014 9:00:08 PM,Ayto.Sevilla,-666157.100000001,4493895.1
300,NERVION,530,4,SI,10/4/2014 9:00:08 PM,Ayto.Sevilla,10/4/2014 9:00:08 PM,Ayto.Sevilla,-665682.199999999,4493642.5
301,NERVION,304,4,SI,10/4/2014 9:00:08 PM,Ayto.Sevilla,10/4/2014 9:00:08 PM,Ayto.Sevilla,-664537.800000001,4491744.5
302,MACARENA_NORTE,166,4,SI,10/4/2014 9:00:08 PM,Ayto.Sevilla,10/4/2014 9:00:08 PM,Ayto.Sevilla,-663925.199999999,4497843.3
303,CERRO_AMATE,430,3,SI,10/4/2014 9:00:08 PM,Ayto.Sevilla,10/4/2014 9:00:08 PM,Ayto.Sevilla,-662380.300000001,4492731.4
304,CASCO_ANTIGUO,15,6,SI,10/4/2014 9:00:08 PM,Ayto.Sevilla,10/4/2014 9:00:08 PM,Ayto.Sevilla,-667558.300000001,4493090.6
305,MACARENA_NORTE,167,5,SI,10/4/2014 9:00:08 PM,Ayto.Sevilla,10/4/2014 9:00:08 PM,Ayto.Sevilla,-664964.399999999,4498026.7
306,NERVION,531,8,SI,10/4/2014 9:00:08 PM,Ayto.Sevilla,10/4/2014 9:00:08 PM,Ayto.Sevilla,-665331.100000001,4491917.5
307,CASCO_ANTIGUO,13,6,SI,10/4/2014 9:00:08 PM,Ayto.Sevilla,10/4/2014 9:00:08 PM,Ayto.Sevilla,-667304.899999999,4492928.8
308,CERRO_AMATE,429,3,SI,10/4/2014 9:00:08 PM,Ayto.Sevilla,10/4/2014 9:00:08 PM,Ayto.Sevilla,-662378.800000001,4491358.6
309,MACARENA_NORTE,170,5,SI,10/4/2014 9:00:08 PM,Ayto.Sevilla,10/4/2014 9:00:08 PM,Ayto.Sevilla,-664558.399999999,4497222.3
310,NERVION,305,3,SI,10/4/2014 9:00:08 PM,Ayto.Sevilla,10/4/2014 9:00:08 PM,Ayto.Sevilla,-664628.100000001,4491828.5
311,NERVION,539,4,SI,10/4/2014 9:00:08 PM,Ayto.Sevilla,10/4/2014 9:00:08 PM,Ayto.Sevilla,-664822.5,4491710.5
312,CERRO_AMATE,428,5,SI,10/4/2014 9:00:08 PM,Ayto.Sevilla,10/4/2014 9:00:08 PM,Ayto.Sevilla,-662896.800000001,4491345.7
313,NERVION,306,4,SI,10/4/2014 9:00:08 PM,Ayto.Sevilla,10/4/2014 9:00:08 PM,Ayto.Sevilla,-664302.5,4491644.1
314,CASCO_ANTIGUO,16,6,SI,10/4/2014 9:00:08 PM,Ayto.Sevilla,10/4/2014 9:00:08 PM,Ayto.Sevilla,-666992,4493064.5
315,MACARENA_NORTE,174,3,SI,10/4/2014 9:00:08 PM,Ayto.Sevilla,10/4/2014 9:00:08 PM,Ayto.Sevilla,-664082.300000001,4496256.3
316,CASCO_ANTIGUO,477,12,SI,10/4/2014 9:00:08 PM,Ayto.Sevilla,10/4/2014 9:00:08 PM,Ayto.Sevilla,-668145.199999999,4494743.8
317,MACARENA_NORTE,175,3,SI,10/4/2014 9:00:08 PM,Ayto.Sevilla,10/4/2014 9:00:08 PM,Ayto.Sevilla,-664079.5,4496244.8
318,CASCO_ANTIGUO,101,6,SI,10/4/2014 9:00:08 PM,Ayto.Sevilla,10/4/2014 9:00:08 PM,Ayto.Sevilla,-667008.600000001,4492937.9
319,CASCO_ANTIGUO,478,8,SI,10/4/2014 9:00:08 PM,Ayto.Sevilla,10/4/2014 9:00:08 PM,Ayto.Sevilla,-667001.100000001,4493948.8
320,CERRO_AMATE,427,4,SI,10/4/2014 9:00:08 PM,Ayto.Sevilla,10/4/2014 9:00:08 PM,Ayto.Sevilla,-663061.699999999,4492103.1
321,CASCO_ANTIGUO,540,4,SI,10/4/2014 9:00:08 PM,Ayto.Sevilla,10/4/2014 9:00:08 PM,Ayto.Sevilla,-667500.5,4495161.1
322,MACARENA_NORTE,222,4,SI,10/4/2014 9:00:08 PM,Ayto.Sevilla,10/4/2014 9:00:08 PM,Ayto.Sevilla,-664474.100000001,4497648.4
323,NERVION,307,4,SI,10/4/2014 9:00:08 PM,Ayto.Sevilla,10/4/2014 9:00:08 PM,Ayto.Sevilla,-664556.600000001,4491612.4
324,CASCO_ANTIGUO,17,6,SI,10/4/2014 9:00:08 PM,Ayto.Sevilla,10/4/2014 9:00:08 PM,Ayto.Sevilla,-666449,4492962.5
325,CERRO_AMATE,426,3,SI,10/4/2014 9:00:08 PM,Ayto.Sevilla,10/4/2014 9:00:08 PM,Ayto.Sevilla,-662395.399999999,4491991.7
326,MACARENA_NORTE,329,5,SI,10/4/2014 9:00:08 PM,Ayto.Sevilla,10/4/2014 9:00:08 PM,Ayto.Sevilla,-664406.5,4497092.8
327,MACARENA,514,4,SI,10/4/2014 9:00:08 PM,Ayto.Sevilla,10/4/2014 9:00:08 PM,Ayto.Sevilla,-666455.100000001,4496064.6
328,CASCO_ANTIGUO,18,6,SI,10/4/2014 9:00:08 PM,Ayto.Sevilla,10/4/2014 9:00:08 PM,Ayto.Sevilla,-666376,4493141.4
329,NERVION,309,5,SI,10/4/2014 9:00:08 PM,Ayto.Sevilla,10/4/2014 9:00:08 PM,Ayto.Sevilla,-664159.600000001,4492171.8
330,MACARENA_NORTE,330,4,SI,10/4/2014 9:00:08 PM,Ayto.Sevilla,10/4/2014 9:00:08 PM,Ayto.Sevilla,-663132.899999999,4496973.4
331,CERRO_AMATE,425,5,SI,10/4/2014 9:00:08 PM,Ayto.Sevilla,10/4/2014 9:00:08 PM,Ayto.Sevilla,-662311.699999999,4492002.5
332,MACARENA,515,6,SI,10/4/2014 9:00:08 PM,Ayto.Sevilla,10/4/2014 9:00:08 PM,Ayto.Sevilla,-666363.399999999,4495899.2
333,CASCO_ANTIGUO,METRO-18,12,SI,10/4/2014 9:00:08 PM,Ayto.Sevilla,10/4/2014 9:00:08 PM,Ayto.Sevilla,-667303.800000001,4492510
334,MACARENA,516,8,SI,10/4/2014 9:00:08 PM,Ayto.Sevilla,10/4/2014 9:00:08 PM,Ayto.Sevilla,-666478.300000001,4495844.1
335,CASCO_ANTIGUO,22,6,SI,10/4/2014 9:00:08 PM,Ayto.Sevilla,10/4/2014 9:00:08 PM,Ayto.Sevilla,-666472.899999999,4493369.3
336,CERRO_AMATE,423,4,SI,10/4/2014 9:00:08 PM,Ayto.Sevilla,10/4/2014 9:00:08 PM,Ayto.Sevilla,-663076.800000001,4491241.1
337,NERVION,308,6,SI,10/4/2014 9:00:08 PM,Ayto.Sevilla,10/4/2014 9:00:08 PM,Ayto.Sevilla,-664170.699999999,4492049.2
338,MACARENA,517,9,SI,10/4/2014 9:00:08 PM,Ayto.Sevilla,10/4/2014 9:00:08 PM,Ayto.Sevilla,-666435.399999999,4495778.3
339,CASCO_ANTIGUO,23,6,SI,10/4/2014 9:00:08 PM,Ayto.Sevilla,10/4/2014 9:00:08 PM,Ayto.Sevilla,-666216.300000001,4493501.8
340,CERRO_AMATE,422,3,SI,10/4/2014 9:00:08 PM,Ayto.Sevilla,10/4/2014 9:00:08 PM,Ayto.Sevilla,-662737.600000001,4490962.6
341,LOS REMEDIOS,140,3,SI,10/4/2014 9:00:08 PM,Ayto.Sevilla,10/4/2014 9:00:08 PM,Ayto.Sevilla,-668477.600000001,4491577.7
342,SUR,532,4,SI,10/4/2014 9:00:08 PM,Ayto.Sevilla,10/4/2014 9:00:08 PM,Ayto.Sevilla,-666128.399999999,4491862.7
343,NERVION,310,4,SI,10/4/2014 9:00:08 PM,Ayto.Sevilla,10/4/2014 9:00:08 PM,Ayto.Sevilla,-663834.100000001,4492379.5
344,CASCO_ANTIGUO,83,6,SI,10/4/2014 9:00:08 PM,Ayto.Sevilla,10/4/2014 9:00:08 PM,Ayto.Sevilla,-666809.5,4493938.9
345,LOS REMEDIOS,141,11,SI,10/4/2014 9:00:08 PM,Ayto.Sevilla,10/4/2014 9:00:08 PM,Ayto.Sevilla,-668388.199999999,4491727.9
346,CERRO_AMATE,421,4,SI,10/4/2014 9:00:08 PM,Ayto.Sevilla,10/4/2014 9:00:08 PM,Ayto.Sevilla,-662148.300000001,4490638.7
347,CASCO_ANTIGUO,548,4,SI,10/4/2014 9:00:08 PM,Ayto.Sevilla,10/4/2014 9:00:08 PM,Ayto.Sevilla,-668209.699999999,4493549.1
348,LOS REMEDIOS,142,5,SI,10/4/2014 9:00:08 PM,Ayto.Sevilla,10/4/2014 9:00:08 PM,Ayto.Sevilla,-668207,4491849.4
349,SUR,533,4,SI,10/4/2014 9:00:08 PM,Ayto.Sevilla,10/4/2014 9:00:08 PM,Ayto.Sevilla,-665390.399999999,4490899.2
350,CASCO_ANTIGUO,82,6,SI,10/4/2014 9:00:08 PM,Ayto.Sevilla,10/4/2014 9:00:08 PM,Ayto.Sevilla,-666795.199999999,4493932.4
351,CERRO_AMATE,420,3,SI,10/4/2014 9:00:08 PM,Ayto.Sevilla,10/4/2014 9:00:08 PM,Ayto.Sevilla,-662536.399999999,4490596
352,TRIANA,143,5,SI,10/4/2014 9:00:08 PM,Ayto.Sevilla,10/4/2014 9:00:08 PM,Ayto.Sevilla,-668226,4491927
353,NERVION,311,5,SI,10/4/2014 9:00:08 PM,Ayto.Sevilla,10/4/2014 9:00:08 PM,Ayto.Sevilla,-664077.100000001,4492914.2
354,CERRO_AMATE,419,4,SI,10/4/2014 9:00:08 PM,Ayto.Sevilla,10/4/2014 9:00:08 PM,Ayto.Sevilla,-662695.199999999,4490420
355,BELLAVISTA_LA PALMERA,534,3,SI,10/4/2014 9:00:08 PM,Ayto.Sevilla,10/4/2014 9:00:08 PM,Ayto.Sevilla,-666346.699999999,4487932.7
356,CASCO_ANTIGUO,34,6,SI,10/4/2014 9:00:08 PM,Ayto.Sevilla,10/4/2014 9:00:08 PM,Ayto.Sevilla,-666759.399999999,4493942.3
357,CASCO_ANTIGUO,115,6,SI,10/4/2014 9:00:08 PM,Ayto.Sevilla,10/4/2014 9:00:08 PM,Ayto.Sevilla,-667487.699999999,4494030.6
358,TRIANA,144,5,SI,10/4/2014 9:00:08 PM,Ayto.Sevilla,10/4/2014 9:00:08 PM,Ayto.Sevilla,-668012.800000001,4492001.7
359,SUR,513,5,SI,10/4/2014 9:00:08 PM,Ayto.Sevilla,10/4/2014 9:00:08 PM,Ayto.Sevilla,-663582.399999999,4489625.3
360,SUR,418,5,SI,10/4/2014 9:00:08 PM,Ayto.Sevilla,10/4/2014 9:00:08 PM,Ayto.Sevilla,-663567.100000001,4490718.2
361,NERVION,313,4,SI,10/4/2014 9:00:08 PM,Ayto.Sevilla,10/4/2014 9:00:08 PM,Ayto.Sevilla,-664872,4492621.4
362,CASCO_ANTIGUO,32,6,SI,10/4/2014 9:00:08 PM,Ayto.Sevilla,10/4/2014 9:00:08 PM,Ayto.Sevilla,-667473.600000001,4494043.8
363,SUR,424,4,SI,10/4/2014 9:00:08 PM,Ayto.Sevilla,10/4/2014 9:00:08 PM,Ayto.Sevilla,-663314.100000001,4490750.7
364,CASCO_ANTIGUO,33,6,SI,10/4/2014 9:00:08 PM,Ayto.Sevilla,10/4/2014 9:00:08 PM,Ayto.Sevilla,-667145.100000001,4493996.3
365,NERVION,442,5,SI,10/4/2014 9:00:08 PM,Ayto.Sevilla,10/4/2014 9:00:08 PM,Ayto.Sevilla,-664373.600000001,4492855.4
366,NERVION,314,6,SI,10/4/2014 9:00:08 PM,Ayto.Sevilla,10/4/2014 9:00:08 PM,Ayto.Sevilla,-664897.699999999,4492934
367,NERVION,507,12,SI,10/4/2014 9:00:08 PM,Ayto.Sevilla,10/4/2014 9:00:08 PM,Ayto.Sevilla,-664727.699999999,4492934.4
368,CASCO_ANTIGUO,26,6,SI,10/4/2014 9:00:08 PM,Ayto.Sevilla,10/4/2014 9:00:08 PM,Ayto.Sevilla,-667516.199999999,4493724.6
369,NERVION,441,5,SI,10/4/2014 9:00:08 PM,Ayto.Sevilla,10/4/2014 9:00:08 PM,Ayto.Sevilla,-663908.699999999,4492879.9
370,NERVION,508,14,SI,10/4/2014 9:00:08 PM,Ayto.Sevilla,10/4/2014 9:00:08 PM,Ayto.Sevilla,-664717.800000001,4492602.1
371,CASCO_ANTIGUO,12,6,SI,10/4/2014 9:00:08 PM,Ayto.Sevilla,10/4/2014 9:00:08 PM,Ayto.Sevilla,-667370,4493473.4
372,NERVION,440,4,SI,10/4/2014 9:00:08 PM,Ayto.Sevilla,10/4/2014 9:00:08 PM,Ayto.Sevilla,-665002.5,4492921.7
373,MACARENA,178,3,SI,10/4/2014 9:00:08 PM,Ayto.Sevilla,10/4/2014 9:00:08 PM,Ayto.Sevilla,-666316.199999999,4495604.1
374,CASCO_ANTIGUO,21,6,SI,10/4/2014 9:00:08 PM,Ayto.Sevilla,10/4/2014 9:00:08 PM,Ayto.Sevilla,-667366.800000001,4493473.7
375,NERVION,509,14,SI,10/4/2014 9:00:08 PM,Ayto.Sevilla,10/4/2014 9:00:08 PM,Ayto.Sevilla,-664577.399999999,4492569.1
376,NERVION,439,4,SI,10/4/2014 9:00:08 PM,Ayto.Sevilla,10/4/2014 9:00:08 PM,Ayto.Sevilla,-665123.899999999,4492200.4
377,TRIANA,537,15,SI,10/4/2014 9:00:08 PM,Ayto.Sevilla,10/4/2014 9:00:08 PM,Ayto.Sevilla,-668659.899999999,4495338.8
378,CASCO_ANTIGUO,24,6,SI,10/4/2014 9:00:08 PM,Ayto.Sevilla,10/4/2014 9:00:08 PM,Ayto.Sevilla,-666878.5,4493668.5
379,LOS REMEDIOS,145,4,SI,10/4/2014 9:00:08 PM,Ayto.Sevilla,10/4/2014 9:00:08 PM,Ayto.Sevilla,-667966.899999999,4492004.9
380,BELLAVISTA_LA PALMERA,479,18,SI,10/4/2014 9:00:08 PM,Ayto.Sevilla,10/4/2014 9:00:08 PM,Ayto.Sevilla,-665796.699999999,4489057.9
381,NERVION,438,4,SI,10/4/2014 9:00:08 PM,Ayto.Sevilla,10/4/2014 9:00:08 PM,Ayto.Sevilla,-664638.699999999,4492031.3
382,TRIANA,202,6,SI,10/4/2014 9:00:08 PM,Ayto.Sevilla,10/4/2014 9:00:08 PM,Ayto.Sevilla,-669051,4494322.3
383,TRIANA,146,4,SI,10/4/2014 9:00:08 PM,Ayto.Sevilla,10/4/2014 9:00:08 PM,Ayto.Sevilla,-667903.800000001,4492073.4
384,CASCO_ANTIGUO,102,6,SI,10/4/2014 9:00:08 PM,Ayto.Sevilla,10/4/2014 9:00:08 PM,Ayto.Sevilla,-666870.5,4493634.6
385,CASCO_ANTIGUO,529,10,SI,10/4/2014 9:00:08 PM,Ayto.Sevilla,10/4/2014 9:00:08 PM,Ayto.Sevilla,-667593.399999999,4492594
386,NERVION,437,4,SI,10/4/2014 9:00:08 PM,Ayto.Sevilla,10/4/2014 9:00:08 PM,Ayto.Sevilla,-663925.600000001,4492052.6
387,TRIANA,147,4,SI,10/4/2014 9:00:08 PM,Ayto.Sevilla,10/4/2014 9:00:08 PM,Ayto.Sevilla,-667737.199999999,4492183.5
388,CASCO_ANTIGUO,491,4,SI,10/4/2014 9:00:08 PM,Ayto.Sevilla,10/4/2014 9:00:08 PM,Ayto.Sevilla,-666649.800000001,4493768.9
389,LOS REMEDIOS,149,5,SI,10/4/2014 9:00:08 PM,Ayto.Sevilla,10/4/2014 9:00:08 PM,Ayto.Sevilla,-667310.600000001,4491399
390,NERVION,436,5,SI,10/4/2014 9:00:08 PM,Ayto.Sevilla,10/4/2014 9:00:08 PM,Ayto.Sevilla,-663967.100000001,4491353.5
391,CASCO_ANTIGUO,71,6,SI,10/4/2014 9:00:08 PM,Ayto.Sevilla,10/4/2014 9:00:08 PM,Ayto.Sevilla,-667045.899999999,4493621.1
392,SUR,265,5,SI,10/4/2014 9:00:08 PM,Ayto.Sevilla,10/4/2014 9:00:08 PM,Ayto.Sevilla,-665058.100000001,4490755.7
393,BELLAVISTA_LA PALMERA,519,4,SI,10/4/2014 9:00:08 PM,Ayto.Sevilla,10/4/2014 9:00:08 PM,Ayto.Sevilla,-664036.899999999,4484591.5
394,LOS REMEDIOS,150,5,SI,10/4/2014 9:00:08 PM,Ayto.Sevilla,10/4/2014 9:00:08 PM,Ayto.Sevilla,-667697.5,4491247
395,NERVION,435,5,SI,10/4/2014 9:00:08 PM,Ayto.Sevilla,10/4/2014 9:00:08 PM,Ayto.Sevilla,-663865.5,4491495.9
396,BELLAVISTA_LA PALMERA,518,4,SI,10/4/2014 9:00:08 PM,Ayto.Sevilla,10/4/2014 9:00:08 PM,Ayto.Sevilla,-663952.600000001,4484088.4
397,CASCO_ANTIGUO,25,6,SI,10/4/2014 9:00:08 PM,Ayto.Sevilla,10/4/2014 9:00:08 PM,Ayto.Sevilla,-667161.899999999,4493573
398,LOS REMEDIOS,151,4,SI,10/4/2014 9:00:08 PM,Ayto.Sevilla,10/4/2014 9:00:08 PM,Ayto.Sevilla,-667729,4491376.1
399,SUR,264,7,SI,10/4/2014 9:00:08 PM,Ayto.Sevilla,10/4/2014 9:00:08 PM,Ayto.Sevilla,-665302.800000001,4490263.4
400,LOS REMEDIOS,152,3,SI,10/4/2014 9:00:08 PM,Ayto.Sevilla,10/4/2014 9:00:08 PM,Ayto.Sevilla,-667670.199999999,4491454.8
401,TRIANA,116,6,SI,10/4/2014 9:00:08 PM,Ayto.Sevilla,10/4/2014 9:00:08 PM,Ayto.Sevilla,-668711.5,4495525.2
402,CASCO_ANTIGUO,56,6,SI,10/4/2014 9:00:08 PM,Ayto.Sevilla,10/4/2014 9:00:08 PM,Ayto.Sevilla,-667241.300000001,4493523.4
403,NERVION,434,5,SI,10/4/2014 9:00:08 PM,Ayto.Sevilla,10/4/2014 9:00:08 PM,Ayto.Sevilla,-663792.800000001,4491781.3
404,NERVION,433,5,SI,10/4/2014 9:00:08 PM,Ayto.Sevilla,10/4/2014 9:00:08 PM,Ayto.Sevilla,-663974.199999999,4491799.9
405,CASCO_ANTIGUO,73,6,SI,10/4/2014 9:00:08 PM,Ayto.Sevilla,10/4/2014 9:00:08 PM,Ayto.Sevilla,-667252.399999999,4493472.8
406,SUR,258,4,SI,10/4/2014 9:00:08 PM,Ayto.Sevilla,10/4/2014 9:00:08 PM,Ayto.Sevilla,-666006.600000001,4491887.5
407,MACARENA,62,6,SI,10/4/2014 9:00:08 PM,Ayto.Sevilla,10/4/2014 9:00:08 PM,Ayto.Sevilla,-665041,4497120.5
408,MACARENA_NORTE,119,6,SI,10/4/2014 9:00:08 PM,Ayto.Sevilla,10/4/2014 9:00:08 PM,Ayto.Sevilla,-664860.899999999,4496799.9
409,NERVION,432,5,SI,10/4/2014 9:00:08 PM,Ayto.Sevilla,10/4/2014 9:00:08 PM,Ayto.Sevilla,-664075.300000001,4491392.4
410,CASCO_ANTIGUO,74,6,SI,10/4/2014 9:00:08 PM,Ayto.Sevilla,10/4/2014 9:00:08 PM,Ayto.Sevilla,-667247.300000001,4493447.1
411,SUR,256,4,SI,10/4/2014 9:00:08 PM,Ayto.Sevilla,10/4/2014 9:00:08 PM,Ayto.Sevilla,-666083.199999999,4490776.7
412,ESTE,103,6,SI,10/4/2014 9:00:08 PM,Ayto.Sevilla,10/4/2014 9:00:08 PM,Ayto.Sevilla,-659519.5,4496443.5
413,NERVION,445,5,SI,10/4/2014 9:00:08 PM,Ayto.Sevilla,10/4/2014 9:00:08 PM,Ayto.Sevilla,-666381.800000001,4492934.1
414,CASCO_ANTIGUO,75,6,SI,10/4/2014 9:00:08 PM,Ayto.Sevilla,10/4/2014 9:00:08 PM,Ayto.Sevilla,-667229.399999999,4493374.4
415,CASCO_ANTIGUO,208,5,SI,10/4/2014 9:00:08 PM,Ayto.Sevilla,10/4/2014 9:00:08 PM,Ayto.Sevilla,-666829,4493074.7
416,CASCO_ANTIGUO,203,5,SI,10/4/2014 9:00:08 PM,Ayto.Sevilla,10/4/2014 9:00:08 PM,Ayto.Sevilla,-667826.699999999,4492872.1
417,ESTE,104,6,SI,10/4/2014 9:00:08 PM,Ayto.Sevilla,10/4/2014 9:00:08 PM,Ayto.Sevilla,-658846.100000001,4494597.5
418,NERVION,444,5,SI,10/4/2014 9:00:08 PM,Ayto.Sevilla,10/4/2014 9:00:08 PM,Ayto.Sevilla,-665628.800000001,4493109.1
419,TRIANA,336,3,NO,10/4/2014 9:00:08 PM,Ayto.Sevilla,10/4/2014 9:00:08 PM,Ayto.Sevilla,-667889.800000001,4495758.5
420,ESTE,108,6,SI,10/4/2014 9:00:08 PM,Ayto.Sevilla,10/4/2014 9:00:08 PM,Ayto.Sevilla,-660452.100000001,4495742.5
421,NERVION,316,5,SI,10/4/2014 9:00:08 PM,Ayto.Sevilla,10/4/2014 9:00:08 PM,Ayto.Sevilla,-664011,4492422.6
422,ESTE,107,6,SI,10/4/2014 9:00:08 PM,Ayto.Sevilla,10/4/2014 9:00:08 PM,Ayto.Sevilla,-660924.300000001,4495326.5
423,TRIANA,469,3,SI,10/4/2014 9:00:08 PM,Ayto.Sevilla,10/4/2014 9:00:08 PM,Ayto.Sevilla,-668029.600000001,4492388.4
424,TRIANA,337,7,NO,10/4/2014 9:00:08 PM,Ayto.Sevilla,10/4/2014 9:00:08 PM,Ayto.Sevilla,-667797.399999999,4495809.6
425,NERVION,317,6,SI,10/4/2014 9:00:08 PM,Ayto.Sevilla,10/4/2014 9:00:08 PM,Ayto.Sevilla,-665367.800000001,4492130.4
426,LOS REMEDIOS,153,5,SI,10/4/2014 9:00:08 PM,Ayto.Sevilla,10/4/2014 9:00:08 PM,Ayto.Sevilla,-668236.300000001,4491605.2
427,TRIANA,468,4,SI,10/4/2014 9:00:08 PM,Ayto.Sevilla,10/4/2014 9:00:08 PM,Ayto.Sevilla,-668085.300000001,4492045.4
428,SAN PABLO_SANTA JUSTA,86,6,SI,10/4/2014 9:00:08 PM,Ayto.Sevilla,10/4/2014 9:00:08 PM,Ayto.Sevilla,-665576.100000001,4494845.3
429,MACARENA_NORTE,351,3,NO,10/4/2014 9:00:08 PM,Ayto.Sevilla,10/4/2014 9:00:08 PM,Ayto.Sevilla,-664443.300000001,4497475.4
430,NERVION,320,4,SI,10/4/2014 9:00:08 PM,Ayto.Sevilla,10/4/2014 9:00:08 PM,Ayto.Sevilla,-665468.899999999,4492093.8
431,LOS REMEDIOS,176,4,SI,10/4/2014 9:00:08 PM,Ayto.Sevilla,10/4/2014 9:00:08 PM,Ayto.Sevilla,-668742.800000001,4490553
432,MACARENA_NORTE,475,5,SI,10/4/2014 9:00:08 PM,Ayto.Sevilla,10/4/2014 9:00:08 PM,Ayto.Sevilla,-665138.5,4496386.8
433,NERVION,89,6,SI,10/4/2014 9:00:08 PM,Ayto.Sevilla,10/4/2014 9:00:08 PM,Ayto.Sevilla,-664875.199999999,4492813.5
434,TRIANA,467,5,SI,10/4/2014 9:00:08 PM,Ayto.Sevilla,10/4/2014 9:00:08 PM,Ayto.Sevilla,-668847.300000001,4492435.7
435,NERVION,318,5,SI,10/4/2014 9:00:08 PM,Ayto.Sevilla,10/4/2014 9:00:08 PM,Ayto.Sevilla,-665438,4492135.8
436,LOS REMEDIOS,225,4,SI,10/4/2014 9:00:08 PM,Ayto.Sevilla,10/4/2014 9:00:08 PM,Ayto.Sevilla,-667476.399999999,4491943.6
437,NERVION,90,6,SI,10/4/2014 9:00:08 PM,Ayto.Sevilla,10/4/2014 9:00:08 PM,Ayto.Sevilla,-664880.699999999,4492784.1
438,NERVION,493,4,NO,10/4/2014 9:00:08 PM,Ayto.Sevilla,10/4/2014 9:00:08 PM,Ayto.Sevilla,-663528.300000001,4492337.8
439,TRIANA,466,5,SI,10/4/2014 9:00:08 PM,Ayto.Sevilla,10/4/2014 9:00:08 PM,Ayto.Sevilla,-668882.5,4492909.4
440,NERVION,319,3,SI,10/4/2014 9:00:08 PM,Ayto.Sevilla,10/4/2014 9:00:08 PM,Ayto.Sevilla,-665505.699999999,4492012.1
441,SAN PABLO_SANTA JUSTA,227,3,SI,10/4/2014 9:00:08 PM,Ayto.Sevilla,10/4/2014 9:00:08 PM,Ayto.Sevilla,-666067.100000001,4494222.5
442,NERVION,322,4,SI,10/4/2014 9:00:08 PM,Ayto.Sevilla,10/4/2014 9:00:08 PM,Ayto.Sevilla,-665640.699999999,4492391.1
443,BELLAVISTA_LA PALMERA,57,6,SI,10/4/2014 9:00:08 PM,Ayto.Sevilla,10/4/2014 9:00:08 PM,Ayto.Sevilla,-665883.699999999,4489598.7
444,TRIANA,465,5,SI,10/4/2014 9:00:08 PM,Ayto.Sevilla,10/4/2014 9:00:08 PM,Ayto.Sevilla,-668980.899999999,4493580.9
445,NERVION,495,3,SI,10/4/2014 9:00:08 PM,Ayto.Sevilla,10/4/2014 9:00:08 PM,Ayto.Sevilla,-663933.800000001,4492360.4
446,SAN PABLO_SANTA JUSTA,228,5,SI,10/4/2014 9:00:08 PM,Ayto.Sevilla,10/4/2014 9:00:08 PM,Ayto.Sevilla,-664780.899999999,4493915.8
447,BELLAVISTA_LA PALMERA,78,6,SI,10/4/2014 9:00:08 PM,Ayto.Sevilla,10/4/2014 9:00:08 PM,Ayto.Sevilla,-666093.800000001,4489941.4
448,LOS REMEDIOS,497,5,NO,10/4/2014 9:00:08 PM,Ayto.Sevilla,10/4/2014 9:00:08 PM,Ayto.Sevilla,-668382,4491860.6
449,TRIANA,463,5,SI,10/4/2014 9:00:08 PM,Ayto.Sevilla,10/4/2014 9:00:08 PM,Ayto.Sevilla,-667838.800000001,4492614.9
450,SAN PABLO_SANTA JUSTA,239,6,SI,10/4/2014 9:00:08 PM,Ayto.Sevilla,10/4/2014 9:00:08 PM,Ayto.Sevilla,-662164.699999999,4493207.1
451,BELLAVISTA_LA PALMERA,79,6,SI,10/4/2014 9:00:08 PM,Ayto.Sevilla,10/4/2014 9:00:08 PM,Ayto.Sevilla,-666083.399999999,4489946.9
452,TRIANA,462,4,SI,10/4/2014 9:00:08 PM,Ayto.Sevilla,10/4/2014 9:00:08 PM,Ayto.Sevilla,-668824.600000001,4492020.4
453,CERRO_AMATE,METRO-12-3,7,SI,10/4/2014 9:00:08 PM,Ayto.Sevilla,10/4/2014 9:00:08 PM,Ayto.Sevilla,-662565.199999999,4491034.2
454,SAN PABLO_SANTA JUSTA,244,5,SI,10/4/2014 9:00:08 PM,Ayto.Sevilla,10/4/2014 9:00:08 PM,Ayto.Sevilla,-663175.199999999,4495524.8
455,LOS REMEDIOS,600,11,SI,10/4/2014 9:00:08 PM,Ayto.Sevilla,10/4/2014 9:00:08 PM,Ayto.Sevilla,-668122.699999999,4491537.7
456,BELLAVISTA_LA PALMERA,111,6,SI,10/4/2014 9:00:08 PM,Ayto.Sevilla,10/4/2014 9:00:08 PM,Ayto.Sevilla,-666216,4489926
457,SAN PABLO_SANTA JUSTA,243,5,SI,10/4/2014 9:00:08 PM,Ayto.Sevilla,10/4/2014 9:00:08 PM,Ayto.Sevilla,-663165.800000001,4495457.2
458,TRIANA,461,4,SI,10/4/2014 9:00:08 PM,Ayto.Sevilla,10/4/2014 9:00:08 PM,Ayto.Sevilla,-669301.199999999,4491455.9
459,SAN PABLO_SANTA JUSTA,245,5,SI,10/4/2014 9:00:08 PM,Ayto.Sevilla,10/4/2014 9:00:08 PM,Ayto.Sevilla,-662663.100000001,4495031.5
460,NERVION,69,6,SI,10/4/2014 9:00:08 PM,Ayto.Sevilla,10/4/2014 9:00:08 PM,Ayto.Sevilla,-665300.300000001,4491903
461,LOS REMEDIOS,601,16,SI,10/4/2014 9:00:08 PM,Ayto.Sevilla,10/4/2014 9:00:08 PM,Ayto.Sevilla,-668100.100000001,4491552.4
462,SAN PABLO_SANTA JUSTA,246,6,SI,10/4/2014 9:00:08 PM,Ayto.Sevilla,10/4/2014 9:00:08 PM,Ayto.Sevilla,-663574.699999999,4494165.2
463,NERVION,70,6,SI,10/4/2014 9:00:08 PM,Ayto.Sevilla,10/4/2014 9:00:08 PM,Ayto.Sevilla,-665295.800000001,4491900.7
464,LOS REMEDIOS,602,15,SI,10/4/2014 9:00:08 PM,Ayto.Sevilla,10/4/2014 9:00:08 PM,Ayto.Sevilla,-668079.600000001,4491582.3
465,LOS REMEDIOS,472,5,SI,10/4/2014 9:00:08 PM,Ayto.Sevilla,10/4/2014 9:00:08 PM,Ayto.Sevilla,-669304.899999999,4490631.9
466,SAN PABLO_SANTA JUSTA,247,5,SI,10/4/2014 9:00:08 PM,Ayto.Sevilla,10/4/2014 9:00:08 PM,Ayto.Sevilla,-663324.800000001,4494013.1
467,NERVION,321,4,SI,10/4/2014 9:00:08 PM,Ayto.Sevilla,10/4/2014 9:00:08 PM,Ayto.Sevilla,-665634.800000001,4492337.6
468,NERVION,105,6,SI,10/4/2014 9:00:08 PM,Ayto.Sevilla,10/4/2014 9:00:08 PM,Ayto.Sevilla,-665002.600000001,4492202.8
469,SAN PABLO_SANTA JUSTA,248,5,SI,10/4/2014 9:00:08 PM,Ayto.Sevilla,10/4/2014 9:00:08 PM,Ayto.Sevilla,-663896.199999999,4494089.2
470,NERVION,323,5,SI,10/4/2014 9:00:08 PM,Ayto.Sevilla,10/4/2014 9:00:08 PM,Ayto.Sevilla,-665569.699999999,4492746.6
471,LOS REMEDIOS,544,7,SI,10/4/2014 9:00:08 PM,Ayto.Sevilla,10/4/2014 9:00:08 PM,Ayto.Sevilla,-668786.699999999,4490532.3
472,LOS REMEDIOS,603,8,SI,10/4/2014 9:00:08 PM,Ayto.Sevilla,10/4/2014 9:00:08 PM,Ayto.Sevilla,-668116.699999999,4491583.9
473,SAN PABLO_SANTA JUSTA,249,5,SI,10/4/2014 9:00:08 PM,Ayto.Sevilla,10/4/2014 9:00:08 PM,Ayto.Sevilla,-664932.899999999,4494456.7
474,NERVION,66,6,SI,10/4/2014 9:00:08 PM,Ayto.Sevilla,10/4/2014 9:00:08 PM,Ayto.Sevilla,-665560.199999999,4492120.4
475,NERVION,324,3,SI,10/4/2014 9:00:08 PM,Ayto.Sevilla,10/4/2014 9:00:08 PM,Ayto.Sevilla,-666038.100000001,4492800
476,SAN PABLO_SANTA JUSTA,250,4,SI,10/4/2014 9:00:08 PM,Ayto.Sevilla,10/4/2014 9:00:08 PM,Ayto.Sevilla,-665217.300000001,4494518.5
477,NERVION,65,6,SI,10/4/2014 9:00:08 PM,Ayto.Sevilla,10/4/2014 9:00:08 PM,Ayto.Sevilla,-665557.600000001,4492119.4
478,NERVION,325,5,SI,10/4/2014 9:00:08 PM,Ayto.Sevilla,10/4/2014 9:00:08 PM,Ayto.Sevilla,-666148.300000001,4492878.4
479,LOS REMEDIOS,471,5,SI,10/4/2014 9:00:08 PM,Ayto.Sevilla,10/4/2014 9:00:08 PM,Ayto.Sevilla,-667855.399999999,4491850.7
480,MACARENA,604,10,SI,10/4/2014 9:00:08 PM,Ayto.Sevilla,10/4/2014 9:00:08 PM,Ayto.Sevilla,-666208.199999999,4495664.8
481,SUR,97,6,SI,10/4/2014 9:00:08 PM,Ayto.Sevilla,10/4/2014 9:00:08 PM,Ayto.Sevilla,-665277.100000001,4491439.1
482,MACARENA,605,10,SI,10/4/2014 9:00:08 PM,Ayto.Sevilla,10/4/2014 9:00:08 PM,Ayto.Sevilla,-666272.399999999,4495677.7
483,LOS REMEDIOS,470,3,SI,10/4/2014 9:00:08 PM,Ayto.Sevilla,10/4/2014 9:00:08 PM,Ayto.Sevilla,-667999.199999999,4491615.1
484,SUR,1,6,SI,10/4/2014 9:00:08 PM,Ayto.Sevilla,10/4/2014 9:00:08 PM,Ayto.Sevilla,-666424.399999999,4491100.8
485,CASCO_ANTIGUO,606,8,SI,10/4/2014 9:00:08 PM,Ayto.Sevilla,10/4/2014 9:00:08 PM,Ayto.Sevilla,-668193.399999999,4494508.3
486,LOS REMEDIOS,464,3,SI,10/4/2014 9:00:08 PM,Ayto.Sevilla,10/4/2014 9:00:08 PM,Ayto.Sevilla,-667909.800000001,4491603.2
487,SUR,98,6,SI,10/4/2014 9:00:08 PM,Ayto.Sevilla,10/4/2014 9:00:08 PM,Ayto.Sevilla,-666054.5,4491076.6
488,SUR,112,6,SI,10/4/2014 9:00:08 PM,Ayto.Sevilla,10/4/2014 9:00:08 PM,Ayto.Sevilla,-665855.399999999,4491136.8
489,CASCO_ANTIGUO,607,8,SI,10/4/2014 9:00:08 PM,Ayto.Sevilla,10/4/2014 9:00:08 PM,Ayto.Sevilla,-668203.399999999,4494490.4
490,SAN PABLO_SANTA JUSTA,487,3,SI,10/4/2014 9:00:08 PM,Ayto.Sevilla,10/4/2014 9:00:08 PM,Ayto.Sevilla,-665886.100000001,4494541.8
491,SUR,64,6,SI,10/4/2014 9:00:08 PM,Ayto.Sevilla,10/4/2014 9:00:08 PM,Ayto.Sevilla,-665673.699999999,4490938.6
492,TRIANA,608,10,SI,10/4/2014 9:00:08 PM,Ayto.Sevilla,10/4/2014 9:00:08 PM,Ayto.Sevilla,-669162.600000001,4491545.4
493,CASCO_ANTIGUO,486,4,SI,10/4/2014 9:00:08 PM,Ayto.Sevilla,10/4/2014 9:00:08 PM,Ayto.Sevilla,-665921.100000001,4494588.9
494,NERVION,326,4,SI,10/4/2014 9:00:08 PM,Ayto.Sevilla,10/4/2014 9:00:08 PM,Ayto.Sevilla,-666501,4492545.2
495,LOS REMEDIOS,609,5,SI,10/4/2014 9:00:08 PM,Ayto.Sevilla,10/4/2014 9:00:08 PM,Ayto.Sevilla,-668083.800000001,4491929
496,CASCO_ANTIGUO,484,5,SI,10/4/2014 9:00:08 PM,Ayto.Sevilla,10/4/2014 9:00:08 PM,Ayto.Sevilla,-667563.5,4494185.1
497,SUR,91,6,SI,10/4/2014 9:00:08 PM,Ayto.Sevilla,10/4/2014 9:00:08 PM,Ayto.Sevilla,-665609.100000001,4490817.1
498,NERVION,327,8,SI,10/4/2014 9:00:08 PM,Ayto.Sevilla,10/4/2014 9:00:08 PM,Ayto.Sevilla,-666535.199999999,4492353.7
499,CASCO_ANTIGUO,483,3,SI,10/4/2014 9:00:08 PM,Ayto.Sevilla,10/4/2014 9:00:08 PM,Ayto.Sevilla,-668044.800000001,4494391.6
500,NERVION,614,10,SI,10/4/2014 9:00:08 PM,Ayto.Sevilla,10/4/2014 9:00:08 PM,Ayto.Sevilla,-666116.800000001,4492988.9
501,SUR,92,6,SI,10/4/2014 9:00:08 PM,Ayto.Sevilla,10/4/2014 9:00:08 PM,Ayto.Sevilla,-665818.699999999,4490656.7
502,MACARENA_NORTE,615,8,SI,10/4/2014 9:00:08 PM,Ayto.Sevilla,10/4/2014 9:00:08 PM,Ayto.Sevilla,-663849,4498424.9
503,CASCO_ANTIGUO,481,3,SI,10/4/2014 9:00:08 PM,Ayto.Sevilla,10/4/2014 9:00:08 PM,Ayto.Sevilla,-666237.600000001,4495057.7
504,SUR,61,6,SI,10/4/2014 9:00:08 PM,Ayto.Sevilla,10/4/2014 9:00:08 PM,Ayto.Sevilla,-666350,4490757.5
505,CASCO_ANTIGUO,480,5,SI,10/4/2014 9:00:08 PM,Ayto.Sevilla,10/4/2014 9:00:08 PM,Ayto.Sevilla,-666140.899999999,4494974.3
506,ESTE,616,4,SI,10/4/2014 9:00:08 PM,Ayto.Sevilla,10/4/2014 9:00:08 PM,Ayto.Sevilla,-658738.399999999,4496093.8
507,SUR,94,6,SI,10/4/2014 9:00:08 PM,Ayto.Sevilla,10/4/2014 9:00:08 PM,Ayto.Sevilla,-666347,4490758.2
508,ESTE,617,12,SI,10/4/2014 9:00:08 PM,Ayto.Sevilla,10/4/2014 9:00:08 PM,Ayto.Sevilla,-659225.199999999,4495027.3
509,NERVION,328,5,SI,10/4/2014 9:00:08 PM,Ayto.Sevilla,10/4/2014 9:00:08 PM,Ayto.Sevilla,-666168.300000001,4492327.5
510,CASCO_ANTIGUO,496,6,SI,10/4/2014 9:00:08 PM,Ayto.Sevilla,10/4/2014 9:00:08 PM,Ayto.Sevilla,-667762.399999999,4492800.7
511,SUR,99,6,SI,10/4/2014 9:00:08 PM,Ayto.Sevilla,10/4/2014 9:00:08 PM,Ayto.Sevilla,-666692,4490728.2
512,CERRO_AMATE,618,8,SI,10/4/2014 9:00:08 PM,Ayto.Sevilla,10/4/2014 9:00:08 PM,Ayto.Sevilla,-662873.699999999,4492196.2
513,SUR,100,6,SI,10/4/2014 9:00:08 PM,Ayto.Sevilla,10/4/2014 9:00:08 PM,Ayto.Sevilla,-666687.300000001,4490728.4
514,CASCO_ANTIGUO,494,5,SI,10/4/2014 9:00:08 PM,Ayto.Sevilla,10/4/2014 9:00:08 PM,Ayto.Sevilla,-667283.5,4493080.1
515,ESTE,610,25,SI,10/4/2014 9:00:08 PM,Ayto.Sevilla,10/4/2014 9:00:08 PM,Ayto.Sevilla,-658854.899999999,4495088.7
516,TRIANA,81,6,SI,10/4/2014 9:00:08 PM,Ayto.Sevilla,10/4/2014 9:00:08 PM,Ayto.Sevilla,-668674.899999999,4491573.3
517,CASCO_ANTIGUO,492,5,SI,10/4/2014 9:00:08 PM,Ayto.Sevilla,10/4/2014 9:00:08 PM,Ayto.Sevilla,-667145.899999999,4493994.4
518,ESTE,611,25,SI,10/4/2014 9:00:08 PM,Ayto.Sevilla,10/4/2014 9:00:08 PM,Ayto.Sevilla,-658542.399999999,4495173.1
519,ESTE,546,7,SI,10/4/2014 9:00:08 PM,Ayto.Sevilla,10/4/2014 9:00:08 PM,Ayto.Sevilla,-660613.100000001,4496675.1
520,CASCO_ANTIGUO,198,4,SI,10/4/2014 9:00:08 PM,Ayto.Sevilla,10/4/2014 9:00:08 PM,Ayto.Sevilla,-667475.800000001,4495253.9
521,TRIANA,549,4,SI,10/4/2014 9:00:08 PM,Ayto.Sevilla,10/4/2014 9:00:08 PM,Ayto.Sevilla,-669286.300000001,4494424.9
522,ESTE,612,30,SI,10/4/2014 9:00:08 PM,Ayto.Sevilla,10/4/2014 9:00:08 PM,Ayto.Sevilla,-658475.300000001,4495390.6
523,LOS REMEDIOS,109,6,SI,10/4/2014 9:00:08 PM,Ayto.Sevilla,10/4/2014 9:00:08 PM,Ayto.Sevilla,-668394.300000001,4491380.7
524,SUR,263,4,SI,10/4/2014 9:00:08 PM,Ayto.Sevilla,10/4/2014 9:00:08 PM,Ayto.Sevilla,-665992,4491307.3
525,CASCO_ANTIGUO,490,4,SI,10/4/2014 9:00:08 PM,Ayto.Sevilla,10/4/2014 9:00:08 PM,Ayto.Sevilla,-666489.399999999,4493574.1
526,LOS REMEDIOS,110,6,SI,10/4/2014 9:00:08 PM,Ayto.Sevilla,10/4/2014 9:00:08 PM,Ayto.Sevilla,-668350.800000001,4491316.1
527,ESTE,613,31,SI,10/4/2014 9:00:08 PM,Ayto.Sevilla,10/4/2014 9:00:08 PM,Ayto.Sevilla,-658269.300000001,4495379.5
528,CASCO_ANTIGUO,AH-1,4,SI,10/4/2014 9:00:08 PM,Ayto.Sevilla,10/4/2014 9:00:08 PM,Ayto.Sevilla,-667261,4494552.8
529,CASCO_ANTIGUO,489,5,SI,10/4/2014 9:00:08 PM,Ayto.Sevilla,10/4/2014 9:00:08 PM,Ayto.Sevilla,-666343.300000001,4493090.6
530,CASCO_ANTIGUO,AH-2,7,SI,10/4/2014 9:00:08 PM,Ayto.Sevilla,10/4/2014 9:00:08 PM,Ayto.Sevilla,-667217.399999999,4494651.6
531,ESTE,619,25,SI,10/4/2014 9:00:08 PM,Ayto.Sevilla,10/4/2014 9:00:08 PM,Ayto.Sevilla,-658578.5,4495124.9
532,CASCO_ANTIGUO,3,6,SI,10/4/2014 9:00:08 PM,Ayto.Sevilla,10/4/2014 9:00:08 PM,Ayto.Sevilla,-667054.399999999,4491854.2
533,CASCO_ANTIGUO,AH-3,7,SI,10/4/2014 9:00:08 PM,Ayto.Sevilla,10/4/2014 9:00:08 PM,Ayto.Sevilla,-667195.600000001,4494809.2
534,ESTE,552,41,SI,10/4/2014 9:00:08 PM,Ayto.Sevilla,10/4/2014 9:00:08 PM,Ayto.Sevilla,-658401.399999999,4495260.2
535,CASCO_ANTIGUO,2,6,SI,10/4/2014 9:00:08 PM,Ayto.Sevilla,10/4/2014 9:00:08 PM,Ayto.Sevilla,-666988.699999999,4491844.4
536,CASCO_ANTIGUO,AH-4,7,SI,10/4/2014 9:00:08 PM,Ayto.Sevilla,10/4/2014 9:00:08 PM,Ayto.Sevilla,-667174.199999999,4494964.7
537,CASCO_ANTIGUO,4,6,SI,10/4/2014 9:00:08 PM,Ayto.Sevilla,10/4/2014 9:00:08 PM,Ayto.Sevilla,-666848.600000001,4491958.3
538,CASCO_ANTIGUO,AH-5,5,SI,10/4/2014 9:00:08 PM,Ayto.Sevilla,10/4/2014 9:00:08 PM,Ayto.Sevilla,-667212.199999999,4495054.5
539,SUR,5,6,SI,10/4/2014 9:00:08 PM,Ayto.Sevilla,10/4/2014 9:00:08 PM,Ayto.Sevilla,-666630.800000001,4492225.5
540,CASCO_ANTIGUO,AH-6,6,SI,10/4/2014 9:00:08 PM,Ayto.Sevilla,10/4/2014 9:00:08 PM,Ayto.Sevilla,-667236.300000001,4494983
541,NERVION,6,6,SI,10/4/2014 9:00:08 PM,Ayto.Sevilla,10/4/2014 9:00:08 PM,Ayto.Sevilla,-666539.100000001,4492374.1
542,CASCO_ANTIGUO,AH-7,6,SI,10/4/2014 9:00:08 PM,Ayto.Sevilla,10/4/2014 9:00:08 PM,Ayto.Sevilla,-667254.100000001,4494748.9
543,NERVION,7,6,SI,10/4/2014 9:00:08 PM,Ayto.Sevilla,10/4/2014 9:00:08 PM,Ayto.Sevilla,-666424,4492407.4
544,SUR,METRO-14,14,SI,10/4/2014 9:00:08 PM,Ayto.Sevilla,10/4/2014 9:00:08 PM,Ayto.Sevilla,-665619.899999999,4492002.2
545,SUR,METRO-11,15,SI,10/4/2014 9:00:08 PM,Ayto.Sevilla,10/4/2014 9:00:08 PM,Ayto.Sevilla,-666411,4492268.9
546,CERRO_AMATE,METRO-12,6,SI,10/4/2014 9:00:08 PM,Ayto.Sevilla,10/4/2014 9:00:08 PM,Ayto.Sevilla,-663012.399999999,4492326.5
547,CERRO_AMATE,METRO-12-2,7,SI,10/4/2014 9:00:08 PM,Ayto.Sevilla,10/4/2014 9:00:08 PM,Ayto.Sevilla,-662661.899999999,4491612.4
548,NERVION,METRO-13-2,14,SI,10/4/2014 9:00:08 PM,Ayto.Sevilla,10/4/2014 9:00:08 PM,Ayto.Sevilla,-665112.399999999,4492636.3
549,NERVION,METRO-13-1,7,SI,10/4/2014 9:00:08 PM,Ayto.Sevilla,10/4/2014 9:00:08 PM,Ayto.Sevilla,-664212.5,4492449.7
550,LOS REMEDIOS,METRO-16-1,11,SI,10/4/2014 9:00:08 PM,Ayto.Sevilla,10/4/2014 9:00:08 PM,Ayto.Sevilla,-667851.300000001,4492077.7
551,LOS REMEDIOS,METRO-16-2,15,SI,10/4/2014 9:00:08 PM,Ayto.Sevilla,10/4/2014 9:00:08 PM,Ayto.Sevilla,-669043.100000001,4491297.6
552,TRIANA,221,5,SI,10/4/2014 9:00:08 PM,Ayto.Sevilla,10/4/2014 9:00:08 PM,Ayto.Sevilla,-669366.699999999,4491773.5
553,TRIANA,332,4,SI,10/4/2014 9:00:08 PM,Ayto.Sevilla,10/4/2014 9:00:08 PM,Ayto.Sevilla,-668619.699999999,4495616.5
554,TRIANA,333,3,SI,10/4/2014 9:00:08 PM,Ayto.Sevilla,10/4/2014 9:00:08 PM,Ayto.Sevilla,-668865.699999999,4495612.2
555,TRIANA,334,6,SI,10/4/2014 9:00:08 PM,Ayto.Sevilla,10/4/2014 9:00:08 PM,Ayto.Sevilla,-668653.100000001,4496618.4
556,TRIANA,335,5,SI,10/4/2014 9:00:08 PM,Ayto.Sevilla,10/4/2014 9:00:08 PM,Ayto.Sevilla,-667977.300000001,4496494.1
557,MACARENA,338,5,SI,10/4/2014 9:00:08 PM,Ayto.Sevilla,10/4/2014 9:00:08 PM,Ayto.Sevilla,-666047.100000001,4497032.1
558,MACARENA_NORTE,339,6,SI,10/4/2014 9:00:08 PM,Ayto.Sevilla,10/4/2014 9:00:08 PM,Ayto.Sevilla,-665963.800000001,4498197.2
559,MACARENA_NORTE,340,4,SI,10/4/2014 9:00:08 PM,Ayto.Sevilla,10/4/2014 9:00:08 PM,Ayto.Sevilla,-665919.899999999,4499141.7
560,MACARENA_NORTE,341,4,SI,10/4/2014 9:00:08 PM,Ayto.Sevilla,10/4/2014 9:00:08 PM,Ayto.Sevilla,-665949,4498877.1
561,MACARENA_NORTE,342,4,SI,10/4/2014 9:00:08 PM,Ayto.Sevilla,10/4/2014 9:00:08 PM,Ayto.Sevilla,-666395.800000001,4498268.5
